image	methodA	methodB	bg_bg	bg_lv	bg_my	lv_bg	lv_lv	lv_my	my_bg	my_lv	my_my
A26_slice003_frame009	obs0_rep0	obs0_rep1	590223	0	924	0	3863	25	114	399	6052
A21_slice010_frame007	obs0_rep0	obs0_rep1	587394	0	345	0	4038	137	425	148	9113
A32_slice011_frame009	obs0_rep0	obs0_rep1	601600	0	0	0	0	0	0	0	0
A37_slice002_frame029	obs0_rep0	obs0_rep1	594700	0	175	0	2743	63	227	456	3236
A45_slice009_frame010	obs0_rep0	obs0_rep1	585469	0	673	0	3281	114	181	241	11641
A41_slice011_frame028	obs0_rep0	obs0_rep1	587265	0	320	0	6826	225	241	131	6592
A10_slice007_frame009	obs0_rep0	obs0_rep1	583002	0	1208	0	8225	26	180	701	8258
A16_slice006_frame026	obs0_rep0	obs0_rep1	585500	0	141	0	7069	0	780	1093	7017
A42_slice002_frame007	obs0_rep0	obs0_rep1	595114	0	298	0	520	64	167	114	5323
A05_slice003_frame029	obs0_rep0	obs0_rep1	582390	0	267	0	10910	406	840	267	6520
A44_slice010_frame009	obs0_rep0	obs0_rep1	585932	0	279	0	3981	145	463	219	10581
A10_slice003_frame000	obs0_rep0	obs0_rep1	589979	0	218	0	5863	361	406	150	4623
A40_slice000_frame007	obs0_rep0	obs0_rep1	600568	0	339	0	0	0	325	0	368
A30_slice005_frame010	obs0_rep0	obs0_rep1	588904	0	478	0	5174	85	209	450	6300
A06_slice006_frame029	obs0_rep0	obs0_rep1	580549	0	154	0	12561	56	964	605	6711
A05_slice010_frame010	obs0_rep0	obs0_rep1	601600	0	0	0	0	0	0	0	0
A39_slice009_frame008	obs0_rep0	obs0_rep1	589210	0	736	0	2544	65	351	127	8567
A06_slice006_frame009	obs0_rep0	obs0_rep1	583945	0	202	0	8364	364	506	424	7795
A10_slice005_frame009	obs0_rep0	obs0_rep1	586514	0	385	0	7177	238	392	341	6553
A39_slice009_frame028	obs0_rep0	obs0_rep1	586315	0	831	0	6208	232	427	807	6780
A20_slice006_frame029	obs0_rep0	obs0_rep1	584513	0	153	0	8478	129	609	317	7401
A06_slice008_frame029	obs0_rep0	obs0_rep1	578438	0	151	0	14542	76	332	453	7608
A37_slice004_frame008	obs0_rep0	obs0_rep1	592057	0	505	0	1409	225	92	97	7215
A25_slice011_frame009	obs0_rep0	obs0_rep1	585680	0	1536	0	5242	118	247	352	8425
A28_slice008_frame010	obs0_rep0	obs0_rep1	579734	0	262	0	8979	173	953	147	11352
A29_slice013_frame010	obs0_rep0	obs0_rep1	601600	0	0	0	0	0	0	0	0
A12_slice003_frame009	obs0_rep0	obs0_rep1	589030	0	361	0	4672	251	231	200	6855
A13_slice009_frame029	obs0_rep0	obs0_rep1	572566	0	348	0	17057	371	561	295	10402
A06_slice008_frame009	obs0_rep0	obs0_rep1	583810	0	156	0	6675	96	539	368	9956
A15_slice002_frame008	obs0_rep0	obs0_rep1	583686	0	316	0	6685	1028	1379	178	8328
A09_slice004_frame008	obs0_rep0	obs0_rep1	588317	0	225	0	4779	102	640	313	7224
A17_slice001_frame013	obs0_rep0	obs0_rep1	595635	0	233	0	118	0	311	505	4798
A43_slice003_frame029	obs0_rep0	obs0_rep1	592831	0	436	0	4238	93	308	371	3323
A44_slice005_frame009	obs0_rep0	obs0_rep1	587910	0	730	0	3369	61	49	512	8969
A21_slice003_frame025	obs0_rep0	obs0_rep1	595265	0	8	0	1304	87	943	132	3861
A44_slice008_frame029	obs0_rep0	obs0_rep1	581849	0	969	0	10188	211	67	492	7824
A30_slice005_frame029	obs0_rep0	obs0_rep1	585695	0	258	0	8656	207	393	423	5968
A05_slice007_frame010	obs0_rep0	obs0_rep1	584719	0	303	0	5881	83	790	493	9331
A07_slice006_frame028	obs0_rep0	obs0_rep1	583954	0	494	0	9057	184	582	456	6873
A32_slice011_frame029	obs0_rep0	obs0_rep1	601600	0	0	0	0	0	0	0	0
A27_slice003_frame011	obs0_rep0	obs0_rep1	589769	0	714	0	4307	381	260	182	5987
A15_slice007_frame008	obs0_rep0	obs0_rep1	575680	0	937	0	8314	1106	701	360	14502
A30_slice008_frame029	obs0_rep0	obs0_rep1	582360	0	190	0	10044	498	687	116	7705
A33_slice001_frame029	obs0_rep0	obs0_rep1	597223	0	272	0	1687	87	81	198	2052
A34_slice007_frame028	obs0_rep0	obs0_rep1	588775	0	1573	0	5935	180	97	688	4352
A22_slice007_frame027	obs0_rep0	obs0_rep1	582201	0	472	0	9419	203	104	165	9036
A39_slice000_frame008	obs0_rep0	obs0_rep1	600555	0	56	0	0	0	226	0	763
A15_slice008_frame009	obs0_rep0	obs0_rep1	576358	0	416	0	8229	340	624	380	15253
A05_slice002_frame029	obs0_rep0	obs0_rep1	585081	0	483	0	9434	668	462	183	5289
A09_slice007_frame008	obs0_rep0	obs0_rep1	585844	0	164	0	4166	5	548	558	10315
A38_slice002_frame028	obs0_rep0	obs0_rep1	593425	0	349	0	3349	29	54	402	3992
A39_slice006_frame008	obs0_rep0	obs0_rep1	591177	0	630	0	1393	207	257	9	7927
A45_slice013_frame029	obs0_rep0	obs0_rep1	601600	0	0	0	0	0	0	0	0
A09_slice000_frame008	obs0_rep0	obs0_rep1	598555	0	25	0	0	843	719	0	1458
A09_slice000_frame029	obs0_rep0	obs0_rep1	596508	0	466	0	1793	299	100	232	2202
A13_slice015_frame010	obs0_rep0	obs0_rep1	601600	0	0	0	0	0	0	0	0
A13_slice010_frame010	obs0_rep0	obs0_rep1	579607	0	285	0	6816	391	449	85	13967
A39_slice004_frame008	obs0_rep0	obs0_rep1	593275	0	387	0	945	166	162	234	6431
A34_slice004_frame028	obs0_rep0	obs0_rep1	593316	0	371	0	3389	18	230	163	4113
A34_slice001_frame008	obs0_rep0	obs0_rep1	598217	0	36	0	310	101	898	127	1911
A24_slice004_frame028	obs0_rep0	obs0_rep1	587721	0	266	0	6269	160	252	457	6475
A21_slice011_frame025	obs0_rep0	obs0_rep1	587679	0	234	0	4244	281	640	112	8410
A29_slice014_frame028	obs0_rep0	obs0_rep1	601600	0	0	0	0	0	0	0	0
A10_slice006_frame000	obs0_rep0	obs0_rep1	583055	0	696	0	9227	0	306	2086	6230
A11_slice012_frame028	obs0_rep0	obs0_rep1	601600	0	0	0	0	0	0	0	0
A32_slice002_frame009	obs0_rep0	obs0_rep1	596359	0	256	0	1025	63	363	215	3319
A20_slice012_frame026	obs0_rep0	obs0_rep1	585172	0	298	0	7474	135	400	650	7471
A35_slice004_frame009	obs0_rep0	obs0_rep1	595064	0	55	0	1376	54	240	131	4680
A09_slice008_frame029	obs0_rep0	obs0_rep1	582540	0	422	0	9025	185	588	304	8536
A30_slice006_frame010	obs0_rep0	obs0_rep1	587895	0	390	0	4044	63	172	501	8535
A39_slice005_frame008	obs0_rep0	obs0_rep1	592207	0	704	0	1177	125	141	142	7104
A12_slice011_frame009	obs0_rep0	obs0_rep1	583382	0	78	0	4914	197	1017	38	11974
A10_slice005_frame000	obs0_rep0	obs0_rep1	584491	0	348	0	8594	622	365	547	6633
A28_slice012_frame010	obs0_rep0	obs0_rep1	578692	0	373	0	5448	218	649	150	16070
A11_slice004_frame028	obs0_rep0	obs0_rep1	584509	0	281	0	8215	515	342	172	7566
A06_slice004_frame029	obs0_rep0	obs0_rep1	583775	0	314	0	10286	407	725	199	5894
A16_slice012_frame009	obs0_rep0	obs0_rep1	601600	0	0	0	0	0	0	0	0
A15_slice010_frame027	obs0_rep0	obs0_rep1	571821	0	1377	0	13306	333	542	1278	12943
A17_slice004_frame028	obs0_rep0	obs0_rep1	589000	0	230	0	5761	24	660	617	5308
A16_slice011_frame026	obs0_rep0	obs0_rep1	601600	0	0	0	0	0	0	0	0
A21_slice005_frame025	obs0_rep0	obs0_rep1	591720	0	217	0	2293	155	486	144	6585
A34_slice005_frame008	obs0_rep0	obs0_rep1	593183	0	247	0	2144	67	280	201	5478
A17_slice007_frame028	obs0_rep0	obs0_rep1	586095	0	144	0	7983	118	878	211	6171
A25_slice005_frame028	obs0_rep0	obs0_rep1	583799	0	701	0	9014	642	74	75	7295
A46_slice009_frame009	obs0_rep0	obs0_rep1	581484	0	394	0	3110	39	633	1183	14757
A44_slice012_frame029	obs0_rep0	obs0_rep1	601600	0	0	0	0	0	0	0	0
A21_slice011_frame007	obs0_rep0	obs0_rep1	589916	0	108	0	2598	120	201	131	8526
A28_slice000_frame027	obs0_rep0	obs0_rep1	597802	0	481	0	0	0	651	0	2666
A30_slice004_frame027	obs0_rep0	obs0_rep1	587716	0	283	0	7911	147	352	224	4967
A32_slice004_frame009	obs0_rep0	obs0_rep1	593777	0	161	0	1602	6	463	495	5096
A39_slice003_frame028	obs0_rep0	obs0_rep1	593358	0	652	0	2798	55	41	509	4187
A38_slice000_frame028	obs0_rep0	obs0_rep1	598387	0	186	0	968	181	280	155	1443
A35_slice006_frame009	obs0_rep0	obs0_rep1	592577	0	106	0	2285	104	283	124	6121
A40_slice011_frame028	obs0_rep0	obs0_rep1	589064	0	157	0	5276	84	1686	386	4947
A20_slice007_frame029	obs0_rep0	obs0_rep1	579604	0	1183	0	12083	444	402	370	7514
A22_slice008_frame027	obs0_rep0	obs0_rep1	580284	0	307	0	10466	460	360	51	9672
A15_slice004_frame028	obs0_rep0	obs0_rep1	579608	0	175	0	9814	200	1064	726	10013
A16_slice002_frame009	obs0_rep0	obs0_rep1	595563	0	262	0	517	10	326	229	4693
A32_slice007_frame009	obs0_rep0	obs0_rep1	592231	0	374	0	1552	76	41	474	6852
A36_slice009_frame010	obs0_rep0	obs0_rep1	592949	0	24	0	2803	39	699	171	4915
A41_slice008_frame028	obs0_rep0	obs0_rep1	586129	0	109	0	7547	218	701	332	6564
A30_slice013_frame010	obs0_rep0	obs0_rep1	601600	0	0	0	0	0	0	0	0
A43_slice002_frame009	obs0_rep0	obs0_rep1	595991	0	1324	0	345	222	211	303	3204
A32_slice003_frame029	obs0_rep0	obs0_rep1	593661	0	162	0	2462	66	265	100	4884
A40_slice004_frame028	obs0_rep0	obs0_rep1	593828	0	348	0	2730	36	191	405	4062
A11_slice009_frame028	obs0_rep0	obs0_rep1	582339	0	1033	0	7992	606	516	403	8711
A20_slice010_frame008	obs0_rep0	obs0_rep1	586293	0	439	0	3141	291	172	264	11000
A30_slice000_frame029	obs0_rep0	obs0_rep1	594067	0	143	0	2744	232	1105	93	3216
A30_slice002_frame029	obs0_rep0	obs0_rep1	590278	0	217	0	5697	511	763	114	4020
A30_slice007_frame027	obs0_rep0	obs0_rep1	583541	0	395	0	9143	263	512	562	7184
A41_slice009_frame028	obs0_rep0	obs0_rep1	585601	0	167	0	7437	13	828	773	6781
A24_slice012_frame028	obs0_rep0	obs0_rep1	601600	0	0	0	0	0	0	0	0
A36_slice001_frame000	obs0_rep0	obs0_rep1	597985	0	86	0	1045	2	269	218	1995
A30_slice002_frame010	obs0_rep0	obs0_rep1	592572	0	80	0	4267	353	713	110	3505
A43_slice005_frame029	obs0_rep0	obs0_rep1	590558	0	431	0	5864	165	287	183	4112
A34_slice009_frame008	obs0_rep0	obs0_rep1	592548	0	184	0	2795	35	686	312	5040
A24_slice011_frame012	obs0_rep0	obs0_rep1	586896	0	178	0	4743	326	1763	46	7648
A29_slice014_frame010	obs0_rep0	obs0_rep1	601600	0	0	0	0	0	0	0	0
A44_slice007_frame029	obs0_rep0	obs0_rep1	582108	0	962	0	10247	104	78	925	7176
A13_slice004_frame029	obs0_rep0	obs0_rep1	580517	0	814	0	11419	214	707	664	7265
A25_slice002_frame009	obs0_rep0	obs0_rep1	591285	0	510	0	3378	143	469	238	5577
A15_slice006_frame009	obs0_rep0	obs0_rep1	576869	0	1179	0	9123	352	674	811	12592
A30_slice002_frame027	obs0_rep0	obs0_rep1	589944	0	680	0	5331	320	398	190	4737
A29_slice012_frame028	obs0_rep0	obs0_rep1	581280	0	423	0	9845	309	356	167	9220
A07_slice003_frame028	obs0_rep0	obs0_rep1	588053	0	270	0	6706	233	766	207	5365
A20_slice005_frame026	obs0_rep0	obs0_rep1	584902	0	510	0	9038	179	225	347	6399
A11_slice012_frame011	obs0_rep0	obs0_rep1	601600	0	0	0	0	0	0	0	0
A12_slice000_frame028	obs0_rep0	obs0_rep1	597786	0	744	0	0	0	119	1240	1711
A18_slice011_frame027	obs0_rep0	obs0_rep1	579218	0	223	0	11486	588	2737	300	7048
A15_slice008_frame027	obs0_rep0	obs0_rep1	570162	0	1117	0	15906	1184	49	461	12721
A41_slice010_frame028	obs0_rep0	obs0_rep1	585914	0	181	0	7486	51	1165	373	6430
A34_slice009_frame028	obs0_rep0	obs0_rep1	588526	0	1450	0	5764	29	31	1064	4736
A10_slice007_frame000	obs0_rep0	obs0_rep1	580358	0	466	0	12282	88	566	540	7300
A22_slice002_frame011	obs0_rep0	obs0_rep1	593429	0	280	0	2251	167	405	432	4636
A33_slice000_frame029	obs0_rep0	obs0_rep1	599321	0	486	0	290	0	31	344	1128
A45_slice014_frame029	obs0_rep0	obs0_rep1	601600	0	0	0	0	0	0	0	0
A42_slice001_frame007	obs0_rep0	obs0_rep1	596972	0	504	0	0	0	126	0	3998
A10_slice001_frame000	obs0_rep0	obs0_rep1	596768	0	292	0	1942	310	327	289	1672
A44_slice004_frame029	obs0_rep0	obs0_rep1	586678	0	460	0	7823	61	248	544	5786
A20_slice012_frame008	obs0_rep0	obs0_rep1	588174	0	603	0	6181	90	434	276	5842
A23_slice012_frame011	obs0_rep0	obs0_rep1	601600	0	0	0	0	0	0	0	0
A43_slice012_frame009	obs0_rep0	obs0_rep1	601600	0	0	0	0	0	0	0	0
A29_slice015_frame010	obs0_rep0	obs0_rep1	601600	0	0	0	0	0	0	0	0
A11_slice011_frame011	obs0_rep0	obs0_rep1	601600	0	0	0	0	0	0	0	0
A35_slice001_frame028	obs0_rep0	obs0_rep1	596835	0	0	0	1894	104	953	63	1751
A12_slice004_frame009	obs0_rep0	obs0_rep1	587288	0	904	0	5452	331	109	95	7421
A32_slice005_frame029	obs0_rep0	obs0_rep1	590578	0	191	0	3717	47	647	445	5975
A46_slice010_frame029	obs0_rep0	obs0_rep1	575776	0	1405	0	11225	51	48	1302	11793
A13_slice002_frame029	obs0_rep0	obs0_rep1	587333	0	57	0	7980	152	649	359	5070
A06_slice005_frame009	obs0_rep0	obs0_rep1	585451	0	304	0	8183	208	500	706	6248
A39_slice010_frame008	obs0_rep0	obs0_rep1	589818	0	478	0	3643	144	476	182	6859
A36_slice003_frame000	obs0_rep0	obs0_rep1	592910	0	240	0	4152	53	256	198	3791
A41_slice012_frame028	obs0_rep0	obs0_rep1	601600	0	0	0	0	0	0	0	0
A38_slice009_frame008	obs0_rep0	obs0_rep1	591089	0	1265	0	3003	55	238	292	5658
A19_slice007_frame029	obs0_rep0	obs0_rep1	583122	0	229	0	9814	223	468	65	7679
A25_slice000_frame028	obs0_rep0	obs0_rep1	601600	0	0	0	0	0	0	0	0
A27_slice006_frame027	obs0_rep0	obs0_rep1	583197	0	245	0	9707	408	387	67	7589
A11_slice006_frame028	obs0_rep0	obs0_rep1	583630	0	149	0	9060	371	742	372	7276
A23_slice000_frame027	obs0_rep0	obs0_rep1	601600	0	0	0	0	0	0	0	0
A36_slice004_frame010	obs0_rep0	obs0_rep1	593199	0	101	0	2060	39	345	331	5525
A18_slice010_frame027	obs0_rep0	obs0_rep1	578802	0	67	0	11934	123	2795	360	7519
A29_slice005_frame010	obs0_rep0	obs0_rep1	588097	0	468	0	5140	272	132	230	7261
A13_slice007_frame029	obs0_rep0	obs0_rep1	575609	0	284	0	15835	325	913	467	8167
A23_slice003_frame027	obs0_rep0	obs0_rep1	589708	0	435	0	6096	375	212	233	4541
A37_slice008_frame008	obs0_rep0	obs0_rep1	590643	0	432	0	2188	207	202	44	7884
A39_slice012_frame008	obs0_rep0	obs0_rep1	601600	0	0	0	0	0	0	0	0
A19_slice008_frame029	obs0_rep0	obs0_rep1	581628	0	392	0	10165	384	335	94	8602
A26_slice013_frame028	obs0_rep0	obs0_rep1	601600	0	0	0	0	0	0	0	0
A46_slice000_frame029	obs0_rep0	obs0_rep1	595688	0	1268	0	1140	104	160	671	2569
A35_slice001_frame009	obs0_rep0	obs0_rep1	598844	0	1314	0	0	0	0	0	1442
A06_slice003_frame009	obs0_rep0	obs0_rep1	586423	0	1050	0	7725	216	32	333	5821
A07_slice002_frame009	obs0_rep0	obs0_rep1	590011	0	151	0	2373	176	2559	403	5927
A20_slice002_frame008	obs0_rep0	obs0_rep1	593585	104	939	0	2002	14	8	1305	3643
A28_slice006_frame010	obs0_rep0	obs0_rep1	580165	0	570	0	10334	1171	923	124	8313
A34_slice001_frame028	obs0_rep0	obs0_rep1	597338	0	361	0	1594	87	112	65	2043
A18_slice006_frame027	obs0_rep0	obs0_rep1	584221	0	433	0	8643	499	565	617	6622
A35_slice005_frame009	obs0_rep0	obs0_rep1	592933	0	127	0	1988	119	391	91	5951
A46_slice003_frame009	obs0_rep0	obs0_rep1	588968	0	1352	0	1636	15	210	560	8859
A13_slice012_frame010	obs0_rep0	obs0_rep1	582819	0	178	0	6795	362	1139	256	10051
A24_slice009_frame028	obs0_rep0	obs0_rep1	580064	0	495	0	10934	63	308	407	9329
A45_slice011_frame029	obs0_rep0	obs0_rep1	582370	0	282	0	9024	300	194	58	9372
A46_slice006_frame009	obs0_rep0	obs0_rep1	582992	0	867	0	2483	15	304	1153	13786
A07_slice005_frame009	obs0_rep0	obs0_rep1	588544	0	388	0	3618	97	147	514	8292
A19_slice004_frame029	obs0_rep0	obs0_rep1	586814	0	200	0	7140	3	491	357	6595
A43_slice012_frame029	obs0_rep0	obs0_rep1	601600	0	0	0	0	0	0	0	0
A47_slice002_frame006	obs0_rep0	obs0_rep1	596263	0	865	0	881	67	88	235	3201
A13_slice012_frame029	obs0_rep0	obs0_rep1	575450	0	642	0	13856	251	303	508	10590
A25_slice006_frame009	obs0_rep0	obs0_rep1	585017	0	489	0	6244	94	267	356	9133
A16_slice007_frame009	obs0_rep0	obs0_rep1	588572	0	251	0	2666	49	452	322	9288
A33_slice009_frame009	obs0_rep0	obs0_rep1	591678	0	56	0	3133	128	514	226	5865
A29_slice008_frame010	obs0_rep0	obs0_rep1	586341	0	433	0	3895	249	174	224	10284
A15_slice011_frame027	obs0_rep0	obs0_rep1	574369	0	971	0	12273	270	686	1536	11495
A34_slice000_frame008	obs0_rep0	obs0_rep1	599993	0	208	0	0	0	69	275	1055
A30_slice011_frame010	obs0_rep0	obs0_rep1	585663	0	454	0	4722	337	612	127	9685
A11_slice007_frame028	obs0_rep0	obs0_rep1	582255	0	677	0	9739	195	648	796	7290
A17_slice004_frame013	obs0_rep0	obs0_rep1	591529	0	175	0	1568	37	641	289	7361
A22_slice003_frame011	obs0_rep0	obs0_rep1	590625	0	709	0	3066	433	608	409	5750
A37_slice007_frame029	obs0_rep0	obs0_rep1	586574	0	875	0	6804	204	207	588	6348
A17_slice002_frame013	obs0_rep0	obs0_rep1	594114	0	522	0	867	8	82	555	5452
A32_slice009_frame029	obs0_rep0	obs0_rep1	601600	0	0	0	0	0	0	0	0
A44_slice000_frame029	obs0_rep0	obs0_rep1	595680	0	616	0	0	0	347	0	4957
A44_slice007_frame009	obs0_rep0	obs0_rep1	586842	0	281	0	3755	130	269	177	10146
A40_slice009_frame028	obs0_rep0	obs0_rep1	588345	0	276	0	5642	46	234	443	6614
A22_slice009_frame011	obs0_rep0	obs0_rep1	583684	0	529	0	5148	53	172	197	11817
A21_slice004_frame025	obs0_rep0	obs0_rep1	591833	0	142	0	3797	91	563	261	4913
A27_slice009_frame011	obs0_rep0	obs0_rep1	583545	0	586	0	5355	212	77	208	11617
A19_slice001_frame029	obs0_rep0	obs0_rep1	594143	0	1220	0	1396	107	25	117	4592
A16_slice010_frame026	obs0_rep0	obs0_rep1	589169	0	518	0	5813	177	649	240	5034
A26_slice004_frame009	obs0_rep0	obs0_rep1	589780	0	205	0	4364	243	321	161	6526
A33_slice007_frame009	obs0_rep0	obs0_rep1	591222	0	72	0	2132	95	476	357	7246
A41_slice006_frame028	obs0_rep0	obs0_rep1	587772	0	263	0	5663	275	466	590	6571
A46_slice002_frame009	obs0_rep0	obs0_rep1	589719	0	1513	0	671	374	70	147	9106
A17_slice003_frame028	obs0_rep0	obs0_rep1	591720	0	117	0	3819	26	626	444	4848
A16_slice007_frame026	obs0_rep0	obs0_rep1	585824	0	54	0	7468	7	1348	736	6163
A28_slice010_frame010	obs0_rep0	obs0_rep1	577479	0	141	0	6748	571	1078	316	15267
A38_slice012_frame028	obs0_rep0	obs0_rep1	601600	0	0	0	0	0	0	0	0
A38_slice001_frame028	obs0_rep0	obs0_rep1	596764	0	260	0	1565	35	230	137	2609
A36_slice012_frame000	obs0_rep0	obs0_rep1	601600	0	0	0	0	0	0	0	0
A20_slice010_frame029	obs0_rep0	obs0_rep1	583858	0	427	0	7678	325	604	365	8343
A13_slice015_frame029	obs0_rep0	obs0_rep1	601600	0	0	0	0	0	0	0	0
A46_slice009_frame029	obs0_rep0	obs0_rep1	575625	0	707	0	11118	388	958	761	12043
A15_slice009_frame027	obs0_rep0	obs0_rep1	570506	0	1440	0	14683	605	598	411	13357
A38_slice007_frame028	obs0_rep0	obs0_rep1	588118	0	1408	0	6657	31	84	759	4543
A47_slice000_frame006	obs0_rep0	obs0_rep1	599261	0	1074	0	0	0	398	0	867
A26_slice008_frame009	obs0_rep0	obs0_rep1	584179	0	238	0	4817	179	481	287	11419
A27_slice013_frame027	obs0_rep0	obs0_rep1	601600	0	0	0	0	0	0	0	0
A35_slice000_frame009	obs0_rep0	obs0_rep1	600226	0	38	0	0	0	408	0	928
A37_slice011_frame029	obs0_rep0	obs0_rep1	601600	0	0	0	0	0	0	0	0
A47_slice001_frame006	obs0_rep0	obs0_rep1	596769	0	833	0	0	0	321	0	3677
A05_slice004_frame029	obs0_rep0	obs0_rep1	582277	0	546	0	11517	291	411	352	6206
A18_slice013_frame027	obs0_rep0	obs0_rep1	601600	0	0	0	0	0	0	0	0
A21_slice009_frame025	obs0_rep0	obs0_rep1	586216	0	128	0	5185	71	444	281	9275
A24_slice009_frame012	obs0_rep0	obs0_rep1	584977	0	221	0	3903	265	489	148	11597
A29_slice012_frame010	obs0_rep0	obs0_rep1	585992	0	328	0	4922	205	285	221	9647
A30_slice003_frame029	obs0_rep0	obs0_rep1	588051	0	169	0	7227	541	744	14	4854
A16_slice003_frame026	obs0_rep0	obs0_rep1	591640	0	518	0	3908	140	334	618	4442
A47_slice001_frame029	obs0_rep0	obs0_rep1	596433	0	1357	0	1060	284	66	604	1796
A13_slice005_frame029	obs0_rep0	obs0_rep1	579401	0	118	0	12587	669	513	231	8081
A23_slice012_frame027	obs0_rep0	obs0_rep1	601600	0	0	0	0	0	0	0	0
A11_slice003_frame028	obs0_rep0	obs0_rep1	586579	0	219	0	6984	494	390	217	6717
A25_slice001_frame028	obs0_rep0	obs0_rep1	592906	0	537	0	2611	136	308	446	4656
A34_slice011_frame008	obs0_rep0	obs0_rep1	601600	0	0	0	0	0	0	0	0
A35_slice012_frame028	obs0_rep0	obs0_rep1	601600	0	0	0	0	0	0	0	0
A24_slice000_frame012	obs0_rep0	obs0_rep1	595834	0	143	0	0	0	395	0	5228
A41_slice000_frame010	obs0_rep0	obs0_rep1	600954	0	11	0	0	0	93	0	542
A39_slice000_frame028	obs0_rep0	obs0_rep1	599734	0	300	0	0	0	90	0	1476
A15_slice007_frame009	obs0_rep0	obs0_rep1	575805	0	181	0	8872	369	1491	479	14403
A35_slice007_frame028	obs0_rep0	obs0_rep1	587711	0	187	0	7978	145	213	341	5025
A28_slice008_frame027	obs0_rep0	obs0_rep1	574978	0	1655	0	14270	289	392	295	9721
A42_slice005_frame027	obs0_rep0	obs0_rep1	589686	0	389	0	5063	63	235	294	5870
A34_slice003_frame028	obs0_rep0	obs0_rep1	593150	0	1295	0	3760	145	68	250	2932
A36_slice004_frame000	obs0_rep0	obs0_rep1	591026	0	276	0	5626	109	286	405	3872
A12_slice011_frame028	obs0_rep0	obs0_rep1	581517	0	324	0	8474	88	550	1266	9381
A25_slice013_frame009	obs0_rep0	obs0_rep1	601600	0	0	0	0	0	0	0	0
A44_slice001_frame029	obs0_rep0	obs0_rep1	592334	0	226	0	3460	349	608	576	4047
A22_slice004_frame011	obs0_rep0	obs0_rep1	589199	0	536	0	4205	200	204	386	6870
A27_slice002_frame011	obs0_rep0	obs0_rep1	592387	0	628	0	3083	81	345	353	4723
A17_slice006_frame013	obs0_rep0	obs0_rep1	589733	0	260	0	2046	34	334	286	8907
A23_slice001_frame027	obs0_rep0	obs0_rep1	593806	0	1221	0	2511	16	23	559	3464
A41_slice005_frame010	obs0_rep0	obs0_rep1	591378	0	652	0	1550	40	161	577	7242
A27_slice010_frame027	obs0_rep0	obs0_rep1	578597	0	359	0	13021	215	512	192	8704
A30_slice012_frame027	obs0_rep0	obs0_rep1	601600	0	0	0	0	0	0	0	0
A13_slice004_frame010	obs0_rep0	obs0_rep1	582773	0	899	0	8811	536	167	240	8174
A37_slice007_frame008	obs0_rep0	obs0_rep1	590621	0	252	0	2667	71	268	351	7370
A21_slice001_frame025	obs0_rep0	obs0_rep1	598896	0	138	0	226	60	111	35	2134
A36_slice002_frame000	obs0_rep0	obs0_rep1	595713	0	220	0	2219	105	428	246	2669
A38_slice008_frame008	obs0_rep0	obs0_rep1	591241	0	642	0	2719	22	226	279	6471
A37_slice006_frame029	obs0_rep0	obs0_rep1	586863	0	673	0	6813	147	119	792	6193
A43_slice008_frame029	obs0_rep0	obs0_rep1	583688	0	2334	0	7753	546	385	1033	5861
A44_slice004_frame009	obs0_rep0	obs0_rep1	589521	0	719	0	2404	104	202	518	8132
A38_slice010_frame008	obs0_rep0	obs0_rep1	590733	0	214	0	4421	576	440	109	5107
A11_slice008_frame011	obs0_rep0	obs0_rep1	584948	0	62	0	5153	158	512	341	10426
A10_slice002_frame009	obs0_rep0	obs0_rep1	592436	4	1177	0	3764	16	48	756	3399
A26_slice000_frame009	obs0_rep0	obs0_rep1	601600	0	0	0	0	0	0	0	0
A37_slice002_frame008	obs0_rep0	obs0_rep1	595806	0	146	0	935	150	257	60	4246
A05_slice003_frame010	obs0_rep0	obs0_rep1	584157	0	549	0	8327	139	463	601	7364
A12_slice007_frame009	obs0_rep0	obs0_rep1	584446	0	302	0	5233	196	654	212	10557
A22_slice005_frame011	obs0_rep0	obs0_rep1	588021	0	1475	0	4302	328	89	599	6786
A41_slice006_frame010	obs0_rep0	obs0_rep1	589929	0	1259	0	2391	28	95	721	7177
A19_slice012_frame029	obs0_rep0	obs0_rep1	601600	0	0	0	0	0	0	0	0
A15_slice010_frame009	obs0_rep0	obs0_rep1	577980	0	114	0	6791	777	1661	113	14164
A11_slice000_frame028	obs0_rep0	obs0_rep1	596203	0	27	0	0	0	779	0	4591
A15_slice008_frame008	obs0_rep0	obs0_rep1	575548	0	931	0	8074	403	732	691	15221
A39_slice010_frame028	obs0_rep0	obs0_rep1	586833	0	560	0	6252	246	314	182	7213
A26_slice010_frame009	obs0_rep0	obs0_rep1	583580	0	633	0	3676	555	122	20	13014
A05_slice002_frame010	obs0_rep0	obs0_rep1	585937	0	418	0	7739	153	632	486	6235
A13_slice013_frame010	obs0_rep0	obs0_rep1	601600	0	0	0	0	0	0	0	0
A36_slice002_frame010	obs0_rep0	obs0_rep1	596546	0	64	0	550	250	382	103	3705
A22_slice007_frame011	obs0_rep0	obs0_rep1	585363	0	645	0	5516	536	186	45	9309
A32_slice001_frame029	obs0_rep0	obs0_rep1	596923	0	63	0	1042	72	364	282	2854
A17_slice010_frame028	obs0_rep0	obs0_rep1	601600	0	0	0	0	0	0	0	0
A46_slice000_frame009	obs0_rep0	obs0_rep1	597607	0	852	0	0	0	0	0	3141
A12_slice001_frame028	obs0_rep0	obs0_rep1	595709	0	108	0	1670	485	250	3	3375
A24_slice011_frame028	obs0_rep0	obs0_rep1	582806	0	546	0	9537	6	479	853	7373
A23_slice005_frame027	obs0_rep0	obs0_rep1	585483	0	928	0	8574	301	9	147	6158
A41_slice001_frame010	obs0_rep0	obs0_rep1	598374	0	1059	0	0	0	38	0	2129
A43_slice008_frame009	obs0_rep0	obs0_rep1	589738	0	311	0	3022	493	508	31	7497
A16_slice001_frame026	obs0_rep0	obs0_rep1	596297	0	427	0	1648	84	188	280	2676
A16_slice012_frame026	obs0_rep0	obs0_rep1	601600	0	0	0	0	0	0	0	0
A45_slice011_frame010	obs0_rep0	obs0_rep1	586339	0	1897	0	3577	177	82	70	9458
A13_slice011_frame029	obs0_rep0	obs0_rep1	573080	0	1043	0	16028	202	620	356	10271
A37_slice006_frame008	obs0_rep0	obs0_rep1	591515	0	73	0	1816	167	413	313	7303
A12_slice002_frame028	obs0_rep0	obs0_rep1	592433	0	446	0	2713	749	679	105	4475
A35_slice006_frame028	obs0_rep0	obs0_rep1	589041	0	98	0	6713	141	312	541	4754
A30_slice003_frame027	obs0_rep0	obs0_rep1	588317	0	185	0	6958	269	492	147	5232
A13_slice001_frame010	obs0_rep0	obs0_rep1	591777	0	1266	0	3137	92	34	573	4721
A40_slice006_frame028	obs0_rep0	obs0_rep1	591016	0	434	0	3946	86	208	331	5579
A44_slice006_frame029	obs0_rep0	obs0_rep1	585073	0	574	0	8700	535	437	300	5981
A36_slice001_frame010	obs0_rep0	obs0_rep1	597793	0	425	0	422	104	112	148	2596
A15_slice011_frame028	obs0_rep0	obs0_rep1	573749	0	577	0	12079	644	618	175	13758
A38_slice006_frame028	obs0_rep0	obs0_rep1	588831	0	331	0	6380	37	300	374	5347
A43_slice007_frame029	obs0_rep0	obs0_rep1	587474	0	453	0	7188	20	191	347	5927
A15_slice010_frame008	obs0_rep0	obs0_rep1	577295	0	522	0	6585	202	2868	441	13687
A18_slice002_frame027	obs0_rep0	obs0_rep1	593750	0	1029	0	1940	39	258	1148	3436
A06_slice009_frame029	obs0_rep0	obs0_rep1	577503	0	564	0	14450	362	444	230	8047
A28_slice002_frame027	obs0_rep0	obs0_rep1	591350	0	126	0	3680	1085	1317	48	3994
A33_slice000_frame009	obs0_rep0	obs0_rep1	600386	0	320	0	0	0	38	0	856
A13_slice005_frame010	obs0_rep0	obs0_rep1	580970	0	783	0	9395	227	233	446	9546
A27_slice001_frame027	obs0_rep0	obs0_rep1	594282	0	417	0	2547	283	204	201	3666
A07_slice010_frame009	obs0_rep0	obs0_rep1	590627	5967	5006	0	0	0	0	0	0
A26_slice009_frame028	obs0_rep0	obs0_rep1	578141	0	1352	0	12441	251	141	286	8988
A44_slice011_frame029	obs0_rep0	obs0_rep1	581014	0	920	0	11353	167	176	466	7504
A47_slice003_frame029	obs0_rep0	obs0_rep1	591631	0	311	0	3482	229	517	357	5073
A46_slice013_frame009	obs0_rep0	obs0_rep1	601600	0	0	0	0	0	0	0	0
A20_slice003_frame029	obs0_rep0	obs0_rep1	588992	0	1083	0	5401	36	109	1181	4798
A42_slice006_frame027	obs0_rep0	obs0_rep1	588919	0	386	0	5284	75	181	672	6083
A34_slice000_frame028	obs0_rep0	obs0_rep1	599223	0	363	0	710	113	15	25	1151
A15_slice005_frame027	obs0_rep0	obs0_rep1	576646	0	754	0	12313	818	415	147	10507
A30_slice008_frame010	obs0_rep0	obs0_rep1	585974	0	285	0	3580	235	437	421	10668
A09_slice009_frame008	obs0_rep0	obs0_rep1	585163	0	379	0	4041	29	327	586	11075
A15_slice004_frame027	obs0_rep0	obs0_rep1	579266	0	1013	0	10009	177	299	836	10000
A15_slice005_frame009	obs0_rep0	obs0_rep1	578471	0	546	0	8844	83	549	922	12185
A17_slice011_frame028	obs0_rep0	obs0_rep1	601600	0	0	0	0	0	0	0	0
A18_slice012_frame011	obs0_rep0	obs0_rep1	585456	0	969	0	4900	390	966	250	8669
A29_slice010_frame028	obs0_rep0	obs0_rep1	581817	0	356	0	9554	590	575	95	8613
A45_slice013_frame010	obs0_rep0	obs0_rep1	601600	0	0	0	0	0	0	0	0
A10_slice009_frame000	obs0_rep0	obs0_rep1	577024	0	56	0	15281	438	952	224	7625
A09_slice007_frame029	obs0_rep0	obs0_rep1	585006	0	796	0	7642	158	178	373	7447
A34_slice005_frame028	obs0_rep0	obs0_rep1	590882	0	587	0	5628	193	237	103	3970
A39_slice008_frame028	obs0_rep0	obs0_rep1	587114	0	212	0	6420	396	872	61	6525
A19_slice003_frame012	obs0_rep0	obs0_rep1	587534	0	128	0	4826	82	599	373	8058
A15_slice009_frame009	obs0_rep0	obs0_rep1	576564	0	583	0	6858	327	506	372	16390
A21_slice006_frame007	obs0_rep0	obs0_rep1	590564	0	130	0	2602	55	531	229	7489
A30_slice010_frame027	obs0_rep0	obs0_rep1	581346	0	102	0	10279	467	946	75	8385
A37_slice005_frame008	obs0_rep0	obs0_rep1	591681	0	154	0	1658	119	497	443	7048
A45_slice012_frame010	obs0_rep0	obs0_rep1	586370	0	1659	0	4654	174	330	231	8182
A28_slice011_frame027	obs0_rep0	obs0_rep1	575777	0	1411	0	12014	199	176	454	11569
A28_slice010_frame027	obs0_rep0	obs0_rep1	572754	0	210	0	15779	317	626	444	11470
A27_slice011_frame027	obs0_rep0	obs0_rep1	578991	0	314	0	12168	718	883	70	8456
A32_slice009_frame009	obs0_rep0	obs0_rep1	601600	0	0	0	0	0	0	0	0
A22_slice000_frame011	obs0_rep0	obs0_rep1	601600	0	0	0	0	0	0	0	0
A24_slice003_frame012	obs0_rep0	obs0_rep1	589554	0	1	0	4062	265	1036	282	6400
A38_slice007_frame008	obs0_rep0	obs0_rep1	591344	0	282	0	2756	22	248	447	6501
A22_slice012_frame027	obs0_rep0	obs0_rep1	583126	0	347	0	8201	654	496	98	8678
A47_slice013_frame029	obs0_rep0	obs0_rep1	601600	0	0	0	0	0	0	0	0
A23_slice002_frame027	obs0_rep0	obs0_rep1	591781	0	530	0	4420	129	83	180	4477
A41_slice011_frame010	obs0_rep0	obs0_rep1	588356	0	263	0	4489	136	1417	543	6396
A43_slice006_frame009	obs0_rep0	obs0_rep1	590666	0	428	0	3000	180	202	85	7039
A39_slice002_frame008	obs0_rep0	obs0_rep1	595949	0	445	0	0	0	91	830	4285
A24_slice007_frame012	obs0_rep0	obs0_rep1	585277	0	138	0	5132	663	620	69	9701
A41_slice002_frame010	obs0_rep0	obs0_rep1	595761	0	421	0	0	0	912	0	4506
A12_slice000_frame009	obs0_rep0	obs0_rep1	597232	0	2006	0	0	0	0	612	1750
A15_slice001_frame028	obs0_rep0	obs0_rep1	585646	0	1736	0	5173	546	1541	1937	5021
A29_slice003_frame028	obs0_rep0	obs0_rep1	588888	0	188	0	6240	179	980	467	4658
A13_slice007_frame010	obs0_rep0	obs0_rep1	578753	0	230	0	8846	184	652	427	12508
A32_slice002_frame029	obs0_rep0	obs0_rep1	594490	0	231	0	2886	31	357	399	3206
A18_slice001_frame011	obs0_rep0	obs0_rep1	596720	0	74	0	0	0	983	403	3420
A43_slice001_frame009	obs0_rep0	obs0_rep1	599637	0	298	0	0	0	16	0	1649
A37_slice001_frame008	obs0_rep0	obs0_rep1	597762	0	893	0	0	0	0	0	2945
A09_slice005_frame008	obs0_rep0	obs0_rep1	587492	0	253	0	4476	190	688	322	8179
A19_slice009_frame029	obs0_rep0	obs0_rep1	582217	0	847	0	9445	374	160	314	8243
A34_slice002_frame028	obs0_rep0	obs0_rep1	595117	0	532	0	2429	113	208	299	2902
A19_slice000_frame029	obs0_rep0	obs0_rep1	601600	0	0	0	0	0	0	0	0
A42_slice010_frame007	obs0_rep0	obs0_rep1	589353	0	153	0	3438	66	679	162	7749
A19_slice005_frame012	obs0_rep0	obs0_rep1	588019	0	716	0	4545	38	283	122	7877
A18_slice008_frame027	obs0_rep0	obs0_rep1	580453	0	56	0	10927	220	1670	175	8099
A36_slice003_frame010	obs0_rep0	obs0_rep1	594597	0	313	0	977	41	143	484	5045
A46_slice003_frame029	obs0_rep0	obs0_rep1	587196	0	509	0	6280	204	192	437	6782
A34_slice008_frame028	obs0_rep0	obs0_rep1	588506	0	1082	0	5595	371	364	399	5283
A45_slice001_frame010	obs0_rep0	obs0_rep1	598280	0	935	0	0	292	76	0	2017
A16_slice001_frame009	obs0_rep0	obs0_rep1	598810	0	300	0	188	89	223	10	1980
A28_slice011_frame010	obs0_rep0	obs0_rep1	580435	0	228	0	4753	52	556	390	15186
A20_slice000_frame029	obs0_rep0	obs0_rep1	601600	0	0	0	0	0	0	0	0
A23_slice008_frame027	obs0_rep0	obs0_rep1	582867	0	728	0	9792	153	86	430	7544
A18_slice007_frame011	obs0_rep0	obs0_rep1	584895	0	269	0	7008	414	2063	152	6799
A25_slice007_frame009	obs0_rep0	obs0_rep1	585492	0	402	0	5621	160	397	498	9030
A24_slice002_frame028	obs0_rep0	obs0_rep1	592097	0	39	0	3685	164	693	162	4760
A25_slice010_frame028	obs0_rep0	obs0_rep1	579193	0	153	0	12100	1114	738	6	8296
A21_slice008_frame025	obs0_rep0	obs0_rep1	584431	0	238	0	8126	123	380	366	7936
A47_slice009_frame006	obs0_rep0	obs0_rep1	584616	0	465	0	2717	29	189	793	12791
A40_slice001_frame028	obs0_rep0	obs0_rep1	597835	0	92	0	981	143	138	36	2375
A37_slice003_frame029	obs0_rep0	obs0_rep1	591489	0	1134	0	4390	134	86	325	4042
A17_slice008_frame013	obs0_rep0	obs0_rep1	588832	0	151	0	2762	487	450	128	8790
A21_slice001_frame007	obs0_rep0	obs0_rep1	599020	0	2	0	0	456	695	0	1427
A15_slice004_frame008	obs0_rep0	obs0_rep1	580678	0	1452	0	8320	877	538	182	9553
A07_slice001_frame028	obs0_rep0	obs0_rep1	591502	0	818	0	4457	673	232	178	3740
A29_slice011_frame010	obs0_rep0	obs0_rep1	585394	0	608	0	4018	59	204	344	10973
A35_slice011_frame009	obs0_rep0	obs0_rep1	601600	0	0	0	0	0	0	0	0
A40_slice002_frame007	obs0_rep0	obs0_rep1	597550	0	13	0	0	0	397	368	3272
A43_slice006_frame029	obs0_rep0	obs0_rep1	587392	0	262	0	7248	273	357	126	5942
A20_slice011_frame008	obs0_rep0	obs0_rep1	585876	0	90	0	5258	658	864	213	8641
A44_slice001_frame009	obs0_rep0	obs0_rep1	595713	0	430	0	346	11	54	106	4940
A23_slice005_frame011	obs0_rep0	obs0_rep1	588222	0	982	0	3120	53	61	302	8860
A26_slice002_frame009	obs0_rep0	obs0_rep1	592922	0	490	0	3371	177	138	287	4215
A20_slice007_frame008	obs0_rep0	obs0_rep1	584104	0	329	0	6358	453	304	330	9722
A21_slice004_frame007	obs0_rep0	obs0_rep1	593713	0	114	0	1778	258	130	92	5515
A33_slice010_frame009	obs0_rep0	obs0_rep1	591742	0	274	0	3724	355	241	193	5071
A19_slice006_frame029	obs0_rep0	obs0_rep1	585023	0	290	0	8414	44	325	359	7145
A41_slice002_frame028	obs0_rep0	obs0_rep1	595697	0	143	0	1304	190	328	99	3839
A35_slice002_frame028	obs0_rep0	obs0_rep1	594940	0	66	0	3088	42	383	340	2741
A15_slice002_frame009	obs0_rep0	obs0_rep1	584186	0	452	0	6426	467	305	338	9426
A22_slice006_frame027	obs0_rep0	obs0_rep1	583960	0	708	0	8082	528	242	225	7855
A37_slice000_frame008	obs0_rep0	obs0_rep1	600654	0	429	0	0	0	88	0	429
A43_slice010_frame009	obs0_rep0	obs0_rep1	589842	0	373	0	3721	220	709	93	6642
A15_slice006_frame028	obs0_rep0	obs0_rep1	572617	0	467	0	15795	322	572	421	11406
A29_slice013_frame028	obs0_rep0	obs0_rep1	601600	0	0	0	0	0	0	0	0
A19_slice010_frame012	obs0_rep0	obs0_rep1	586363	0	328	0	4653	262	229	274	9491
A20_slice006_frame008	obs0_rep0	obs0_rep1	586225	0	1108	0	5245	115	295	152	8460
A26_slice006_frame009	obs0_rep0	obs0_rep1	585924	0	343	0	5799	220	608	270	8436
A06_slice009_frame009	obs0_rep0	obs0_rep1	584405	0	137	0	5528	207	713	234	10376
A38_slice012_frame008	obs0_rep0	obs0_rep1	601600	0	0	0	0	0	0	0	0
A24_slice010_frame028	obs0_rep0	obs0_rep1	585067	0	789	0	6965	138	405	292	7944
A05_slice008_frame010	obs0_rep0	obs0_rep1	585344	0	254	0	5092	37	1227	534	9112
A16_slice005_frame009	obs0_rep0	obs0_rep1	589672	0	198	0	1891	291	782	249	8517
A42_slice001_frame027	obs0_rep0	obs0_rep1	596369	0	517	0	1323	59	41	201	3090
A47_slice011_frame006	obs0_rep0	obs0_rep1	584725	0	397	0	3820	246	268	107	12037
A13_slice003_frame029	obs0_rep0	obs0_rep1	584469	0	321	0	9032	154	673	455	6496
A38_slice004_frame028	obs0_rep0	obs0_rep1	591219	0	452	0	5151	13	86	563	4116
A22_slice008_frame011	obs0_rep0	obs0_rep1	584395	0	289	0	5224	172	629	135	10756
A45_slice002_frame010	obs0_rep0	obs0_rep1	594516	0	1165	0	556	236	77	77	4973
A10_slice002_frame000	obs0_rep0	obs0_rep1	593562	0	660	0	3410	188	137	214	3429
A07_slice007_frame009	obs0_rep0	obs0_rep1	587732	0	340	0	3509	11	414	475	9119
A21_slice000_frame007	obs0_rep0	obs0_rep1	601600	0	0	0	0	0	0	0	0
A22_slice001_frame011	obs0_rep0	obs0_rep1	595653	0	627	0	1032	34	259	222	3773
A30_slice001_frame027	obs0_rep0	obs0_rep1	591674	0	15	0	4237	557	922	0	4195
A25_slice005_frame009	obs0_rep0	obs0_rep1	586376	0	305	0	5917	170	223	331	8278
A47_slice009_frame029	obs0_rep0	obs0_rep1	581391	0	924	0	8921	153	327	435	9449
A10_slice012_frame000	obs0_rep0	obs0_rep1	575554	0	334	0	13333	518	1700	392	9769
A11_slice005_frame028	obs0_rep0	obs0_rep1	584078	0	360	0	8657	527	303	80	7595
A09_slice010_frame029	obs0_rep0	obs0_rep1	582751	0	823	0	8868	171	322	451	8214
A19_slice000_frame012	obs0_rep0	obs0_rep1	601600	0	0	0	0	0	0	0	0
A09_slice003_frame008	obs0_rep0	obs0_rep1	589770	0	548	0	4012	74	54	525	6617
A05_slice007_frame029	obs0_rep0	obs0_rep1	580253	0	105	0	13067	251	1038	424	6462
A15_slice001_frame009	obs0_rep0	obs0_rep1	587161	0	1458	0	4043	790	5	351	7792
A27_slice013_frame011	obs0_rep0	obs0_rep1	601600	0	0	0	0	0	0	0	0
A16_slice011_frame009	obs0_rep0	obs0_rep1	601600	0	0	0	0	0	0	0	0
A42_slice011_frame027	obs0_rep0	obs0_rep1	601600	0	0	0	0	0	0	0	0
A28_slice007_frame027	obs0_rep0	obs0_rep1	578277	0	1663	0	12452	170	57	272	8709
A09_slice009_frame029	obs0_rep0	obs0_rep1	582346	0	998	0	8856	102	303	278	8717
A37_slice010_frame008	obs0_rep0	obs0_rep1	590306	0	620	0	3741	417	956	42	5518
A26_slice009_frame009	obs0_rep0	obs0_rep1	583553	0	663	0	4236	123	205	177	12643
A28_slice001_frame027	obs0_rep0	obs0_rep1	594924	0	581	0	1986	358	655	547	2549
A07_slice000_frame028	obs0_rep0	obs0_rep1	594461	0	1054	0	2583	493	221	171	2617
A20_slice000_frame026	obs0_rep0	obs0_rep1	601600	0	0	0	0	0	0	0	0
A42_slice007_frame027	obs0_rep0	obs0_rep1	587073	0	1034	0	6607	344	74	283	6185
A43_slice011_frame029	obs0_rep0	obs0_rep1	583484	0	152	0	8654	722	1578	176	6834
A30_slice012_frame029	obs0_rep0	obs0_rep1	582896	0	0	10777	0	0	7927	0	0
A13_slice006_frame010	obs0_rep0	obs0_rep1	578976	0	304	0	9951	525	926	190	10728
A12_slice002_frame009	obs0_rep0	obs0_rep1	590567	0	1116	0	3221	249	59	314	6074
A35_slice009_frame028	obs0_rep0	obs0_rep1	587873	0	140	0	6822	23	922	742	5078
A25_slice003_frame009	obs0_rep0	obs0_rep1	589588	0	488	0	4753	103	220	223	6225
A45_slice009_frame029	obs0_rep0	obs0_rep1	582764	0	864	0	9241	175	182	395	7979
A20_slice007_frame026	obs0_rep0	obs0_rep1	580553	0	687	0	10896	557	253	246	8408
A29_slice010_frame010	obs0_rep0	obs0_rep1	585419	0	1241	0	3677	109	140	392	10622
A13_slice008_frame029	obs0_rep0	obs0_rep1	572748	0	320	0	16655	340	810	585	10142
A11_slice003_frame011	obs0_rep0	obs0_rep1	586448	0	241	0	6854	844	775	1	6437
A47_slice003_frame006	obs0_rep0	obs0_rep1	592014	0	766	0	1928	225	124	239	6304
A21_slice010_frame025	obs0_rep0	obs0_rep1	584245	0	120	0	7817	235	713	374	8096
A32_slice001_frame009	obs0_rep0	obs0_rep1	597045	0	392	0	0	0	57	170	3936
A28_slice009_frame010	obs0_rep0	obs0_rep1	579429	0	478	0	6678	242	595	454	13724
A39_slice005_frame028	obs0_rep0	obs0_rep1	589972	0	505	0	4351	338	275	376	5783
A13_slice011_frame010	obs0_rep0	obs0_rep1	581391	0	713	0	6185	106	320	277	12608
A11_slice004_frame011	obs0_rep0	obs0_rep1	585127	0	843	0	7506	75	300	392	7357
A27_slice003_frame027	obs0_rep0	obs0_rep1	588593	0	136	0	5294	437	590	94	6456
A30_slice004_frame010	obs0_rep0	obs0_rep1	589686	0	164	0	5758	57	570	274	5091
A27_slice008_frame027	obs0_rep0	obs0_rep1	580364	0	943	0	11867	284	157	381	7604
A40_slice004_frame007	obs0_rep0	obs0_rep1	594295	0	248	0	554	260	243	608	5392
A06_slice010_frame009	obs0_rep0	obs0_rep1	584282	0	209	0	4618	117	1522	129	10723
A15_slice003_frame008	obs0_rep0	obs0_rep1	582168	0	1390	0	6998	504	1116	211	9213
A17_slice000_frame013	obs0_rep0	obs0_rep1	601600	0	0	0	0	0	0	0	0
A32_slice010_frame029	obs0_rep0	obs0_rep1	601600	0	0	0	0	0	0	0	0
A42_slice013_frame027	obs0_rep0	obs0_rep1	601600	0	0	0	0	0	0	0	0
A06_slice000_frame009	obs0_rep0	obs0_rep1	594729	0	37	0	2678	219	517	179	3241
A45_slice008_frame029	obs0_rep0	obs0_rep1	583665	0	602	0	7006	172	302	485	9368
A20_slice002_frame026	obs0_rep0	obs0_rep1	592398	0	460	0	3355	85	285	448	4569
A21_slice002_frame025	obs0_rep0	obs0_rep1	595796	0	377	0	1658	189	338	19	3223
A15_slice000_frame027	obs0_rep0	obs0_rep1	591996	0	1459	0	2540	538	170	125	4772
A11_slice010_frame028	obs0_rep0	obs0_rep1	581565	0	981	0	9271	218	219	656	8690
A29_slice002_frame028	obs0_rep0	obs0_rep1	589597	0	114	0	4829	376	1430	43	5211
A28_slice005_frame010	obs0_rep0	obs0_rep1	583967	0	426	0	8204	456	743	286	7518
A45_slice000_frame029	obs0_rep0	obs0_rep1	598706	0	1134	0	464	1	35	539	721
A46_slice011_frame009	obs0_rep0	obs0_rep1	581984	0	1372	0	4769	165	84	267	12959
A20_slice008_frame008	obs0_rep0	obs0_rep1	585003	0	349	0	3439	285	305	155	12064
A24_slice001_frame028	obs0_rep0	obs0_rep1	593227	0	284	0	3247	150	237	337	4118
A26_slice004_frame028	obs0_rep0	obs0_rep1	587352	0	364	0	7030	452	342	168	5892
A41_slice012_frame010	obs0_rep0	obs0_rep1	601600	0	0	0	0	0	0	0	0
A46_slice010_frame009	obs0_rep0	obs0_rep1	580922	0	493	0	3973	158	470	567	15017
A16_slice006_frame009	obs0_rep0	obs0_rep1	588424	0	215	0	2467	22	742	470	9260
A41_slice009_frame010	obs0_rep0	obs0_rep1	588624	0	365	0	2899	160	248	360	8944
A45_slice010_frame010	obs0_rep0	obs0_rep1	586369	0	561	0	3058	209	253	143	11007
A28_slice000_frame010	obs0_rep0	obs0_rep1	599020	0	1089	0	0	0	29	0	1462
A41_slice000_frame028	obs0_rep0	obs0_rep1	599695	0	457	0	0	0	69	0	1379
A10_slice003_frame009	obs0_rep0	obs0_rep1	590569	0	573	0	4380	33	201	654	5190
A15_slice005_frame008	obs0_rep0	obs0_rep1	579191	0	848	0	8814	393	477	473	11404
A22_slice013_frame011	obs0_rep0	obs0_rep1	601600	0	0	0	0	0	0	0	0
A25_slice011_frame028	obs0_rep0	obs0_rep1	581064	0	515	0	10385	839	524	20	8253
A09_slice011_frame029	obs0_rep0	obs0_rep1	601600	0	0	0	0	0	0	0	0
A10_slice006_frame009	obs0_rep0	obs0_rep1	585144	0	409	0	7825	280	650	578	6714
A35_slice008_frame028	obs0_rep0	obs0_rep1	587031	0	1054	0	7211	180	211	575	5338
A41_slice004_frame010	obs0_rep0	obs0_rep1	592622	0	543	0	940	379	310	347	6459
A42_slice006_frame007	obs0_rep0	obs0_rep1	591256	0	437	0	2459	120	203	127	6998
A45_slice012_frame029	obs0_rep0	obs0_rep1	581268	0	364	0	9163	588	617	226	9374
A39_slice002_frame028	obs0_rep0	obs0_rep1	595595	0	519	0	1502	155	269	180	3380
A06_slice001_frame029	obs0_rep0	obs0_rep1	591387	0	481	0	5255	232	688	179	3378
A29_slice007_frame028	obs0_rep0	obs0_rep1	585185	0	326	0	8204	267	327	329	6962
A11_slice007_frame011	obs0_rep0	obs0_rep1	583866	0	455	0	6414	47	329	776	9713
A16_slice009_frame026	obs0_rep0	obs0_rep1	586660	0	146	0	6352	93	1019	709	6621
A33_slice008_frame029	obs0_rep0	obs0_rep1	588158	0	471	0	6374	19	320	417	5841
A34_slice006_frame008	obs0_rep0	obs0_rep1	592320	0	109	0	2292	19	291	139	6430
A47_slice002_frame029	obs0_rep0	obs0_rep1	593666	0	1175	0	2553	30	30	444	3702
A45_slice014_frame010	obs0_rep0	obs0_rep1	601600	0	0	0	0	0	0	0	0
A15_slice002_frame027	obs0_rep0	obs0_rep1	583094	0	1288	0	8309	214	84	878	7733
A30_slice007_frame029	obs0_rep0	obs0_rep1	583360	0	344	0	9351	76	529	514	7426
A38_slice008_frame028	obs0_rep0	obs0_rep1	587136	0	2009	0	6262	52	220	1383	4538
A06_slice001_frame009	obs0_rep0	obs0_rep1	591392	0	47	0	4127	461	1902	233	3438
A10_slice010_frame000	obs0_rep0	obs0_rep1	574793	0	81	0	17007	166	1063	501	7989
A32_slice003_frame009	obs0_rep0	obs0_rep1	594050	0	493	0	661	290	206	160	5740
A07_slice008_frame009	obs0_rep0	obs0_rep1	587024	0	264	0	3652	107	405	355	9793
A18_slice000_frame027	obs0_rep0	obs0_rep1	601600	0	0	0	0	0	0	0	0
A23_slice008_frame011	obs0_rep0	obs0_rep1	587458	0	82	0	3150	68	491	467	9884
A38_slice006_frame008	obs0_rep0	obs0_rep1	591707	0	655	0	2588	0	66	373	6211
A18_slice004_frame011	obs0_rep0	obs0_rep1	588785	0	0	0	4410	34	1916	324	6131
A21_slice005_frame007	obs0_rep0	obs0_rep1	592739	0	136	0	770	145	675	118	7017
A07_slice004_frame009	obs0_rep0	obs0_rep1	589123	0	35	0	3647	203	651	256	7685
A24_slice007_frame028	obs0_rep0	obs0_rep1	581708	0	459	0	10175	241	300	497	8220
A06_slice007_frame009	obs0_rep0	obs0_rep1	583022	0	383	0	7436	252	213	143	10151
A33_slice008_frame009	obs0_rep0	obs0_rep1	591112	0	93	0	2249	189	524	85	7348
A23_slice003_frame011	obs0_rep0	obs0_rep1	591344	0	826	0	2136	125	84	228	6857
A25_slice008_frame009	obs0_rep0	obs0_rep1	584929	0	494	0	4911	56	76	402	10732
A07_slice004_frame028	obs0_rep0	obs0_rep1	585877	0	652	0	7875	391	664	253	5888
A09_slice003_frame029	obs0_rep0	obs0_rep1	590155	0	510	0	4276	320	174	286	5879
A43_slice009_frame029	obs0_rep0	obs0_rep1	584996	0	437	0	8759	329	394	93	6592
A40_slice011_frame007	obs0_rep0	obs0_rep1	591060	0	225	0	4177	190	430	215	5303
A30_slice013_frame027	obs0_rep0	obs0_rep1	601600	0	0	0	0	0	0	0	0
A20_slice008_frame029	obs0_rep0	obs0_rep1	581480	0	759	0	8764	226	864	463	9044
A25_slice008_frame028	obs0_rep0	obs0_rep1	580851	0	412	0	10972	726	409	1	8229
A15_slice007_frame027	obs0_rep0	obs0_rep1	570091	0	967	0	16318	1067	644	419	12094
A20_slice003_frame008	obs0_rep0	obs0_rep1	589981	8	910	0	4115	0	159	1036	5391
A15_slice003_frame028	obs0_rep0	obs0_rep1	580504	0	495	0	9092	560	661	288	10000
A25_slice003_frame028	obs0_rep0	obs0_rep1	587833	0	525	0	5822	171	473	618	6158
A29_slice003_frame010	obs0_rep0	obs0_rep1	589446	0	54	0	3201	79	1122	762	6936
A06_slice003_frame029	obs0_rep0	obs0_rep1	585569	0	248	0	9360	293	709	185	5236
A05_slice010_frame029	obs0_rep0	obs0_rep1	601600	0	0	0	0	0	0	0	0
A16_slice009_frame009	obs0_rep0	obs0_rep1	589804	0	190	0	3221	92	1030	517	6746
A38_slice003_frame028	obs0_rep0	obs0_rep1	592324	0	712	0	4162	147	14	336	3905
A27_slice005_frame027	obs0_rep0	obs0_rep1	584426	0	578	0	8885	195	135	228	7153
A41_slice008_frame010	obs0_rep0	obs0_rep1	588886	0	367	0	2633	195	119	183	9217
A18_slice005_frame011	obs0_rep0	obs0_rep1	587720	0	163	0	5466	414	1392	111	6334
A47_slice007_frame029	obs0_rep0	obs0_rep1	584107	0	1209	0	5902	479	691	303	8909
A47_slice010_frame006	obs0_rep0	obs0_rep1	584651	0	840	0	3066	0	755	694	11594
A13_slice014_frame010	obs0_rep0	obs0_rep1	601600	0	0	0	0	0	0	0	0
A26_slice005_frame028	obs0_rep0	obs0_rep1	585188	0	707	0	8038	218	220	337	6892
A42_slice002_frame027	obs0_rep0	obs0_rep1	594892	0	429	0	1989	53	175	232	3830
A13_slice003_frame010	obs0_rep0	obs0_rep1	584724	0	348	0	7031	311	1108	385	7693
A46_slice007_frame029	obs0_rep0	obs0_rep1	578339	0	577	0	11935	12	522	626	9589
A40_slice006_frame007	obs0_rep0	obs0_rep1	591738	0	320	0	1484	251	332	169	7306
A22_slice005_frame027	obs0_rep0	obs0_rep1	585810	0	458	0	7555	149	420	310	6898
A45_slice007_frame010	obs0_rep0	obs0_rep1	586811	0	413	0	4034	72	330	562	9378
A27_slice000_frame027	obs0_rep0	obs0_rep1	601600	0	0	0	0	0	0	0	0
A24_slice008_frame028	obs0_rep0	obs0_rep1	582011	0	573	0	7882	359	299	115	10361
A42_slice009_frame027	obs0_rep0	obs0_rep1	584823	0	392	0	7572	47	329	319	8118
A13_slice009_frame010	obs0_rep0	obs0_rep1	577544	0	388	0	7947	146	443	435	14697
A06_slice002_frame009	obs0_rep0	obs0_rep1	588770	0	201	0	6446	272	555	700	4656
A45_slice000_frame010	obs0_rep0	obs0_rep1	600629	0	200	0	0	0	48	0	723
A46_slice012_frame009	obs0_rep0	obs0_rep1	582725	0	1472	0	6777	885	500	124	9117
A40_slice000_frame028	obs0_rep0	obs0_rep1	599824	0	341	0	0	0	230	0	1205
A27_slice005_frame011	obs0_rep0	obs0_rep1	586861	0	416	0	6210	341	181	88	7503
A07_slice005_frame028	obs0_rep0	obs0_rep1	585126	0	320	0	7975	153	431	240	7355
A44_slice011_frame009	obs0_rep0	obs0_rep1	586770	0	862	0	5155	77	598	311	7827
A23_slice001_frame011	obs0_rep0	obs0_rep1	595906	0	98	0	280	59	293	447	4517
A17_slice003_frame013	obs0_rep0	obs0_rep1	593096	0	515	0	529	111	102	223	7024
A30_slice007_frame010	obs0_rep0	obs0_rep1	586523	0	592	0	3981	53	185	235	10031
A46_slice005_frame009	obs0_rep0	obs0_rep1	583502	0	1182	0	2491	0	363	1602	12460
A39_slice001_frame008	obs0_rep0	obs0_rep1	597304	0	874	0	0	0	195	0	3227
A47_slice000_frame029	obs0_rep0	obs0_rep1	598933	0	239	0	0	0	81	0	2347
A35_slice000_frame028	obs0_rep0	obs0_rep1	598675	0	235	0	363	138	746	428	1015
A38_slice009_frame028	obs0_rep0	obs0_rep1	585796	0	551	0	7240	153	257	346	7257
A47_slice004_frame029	obs0_rep0	obs0_rep1	586844	0	586	0	5980	162	722	356	6950
A42_slice003_frame027	obs0_rep0	obs0_rep1	593602	0	529	0	2338	240	73	459	4359
A40_slice001_frame007	obs0_rep0	obs0_rep1	599533	0	103	0	0	0	297	0	1667
A47_slice004_frame006	obs0_rep0	obs0_rep1	587933	0	1013	0	2879	172	100	316	9187
A44_slice013_frame029	obs0_rep0	obs0_rep1	601600	0	0	0	0	0	0	0	0
A27_slice006_frame011	obs0_rep0	obs0_rep1	585246	0	1025	0	6162	165	22	722	8258
A30_slice003_frame010	obs0_rep0	obs0_rep1	590938	0	383	0	4931	140	230	285	4693
A35_slice003_frame009	obs0_rep0	obs0_rep1	596059	0	96	0	789	32	272	367	3985
A21_slice006_frame025	obs0_rep0	obs0_rep1	588032	0	186	0	6017	203	458	213	6491
A35_slice011_frame028	obs0_rep0	obs0_rep1	601600	0	0	0	0	0	0	0	0
A33_slice004_frame009	obs0_rep0	obs0_rep1	593643	0	509	0	1880	29	239	203	5097
A26_slice007_frame028	obs0_rep0	obs0_rep1	581603	0	1593	0	10297	274	112	324	7397
A15_slice011_frame009	obs0_rep0	obs0_rep1	579281	0	390	0	8280	265	1493	373	11518
A17_slice009_frame013	obs0_rep0	obs0_rep1	589631	0	361	0	3443	307	310	559	6989
A22_slice013_frame027	obs0_rep0	obs0_rep1	601600	0	0	0	0	0	0	0	0
A13_slice014_frame029	obs0_rep0	obs0_rep1	601600	0	0	0	0	0	0	0	0
A36_slice009_frame000	obs0_rep0	obs0_rep1	587127	0	72	0	5649	1320	2542	154	4736
A32_slice006_frame009	obs0_rep0	obs0_rep1	591490	0	126	0	2450	123	120	209	7082
A11_slice001_frame011	obs0_rep0	obs0_rep1	591575	0	1134	118	1382	1547	2392	249	3203
A27_slice002_frame027	obs0_rep0	obs0_rep1	591921	0	645	0	4031	86	159	484	4274
A17_slice000_frame028	obs0_rep0	obs0_rep1	601600	0	0	0	0	0	0	0	0
A38_slice003_frame008	obs0_rep0	obs0_rep1	593798	0	761	0	2138	171	15	76	4641
A07_slice011_frame028	obs0_rep0	obs0_rep1	601600	0	0	0	0	0	0	0	0
A32_slice010_frame009	obs0_rep0	obs0_rep1	601600	0	0	0	0	0	0	0	0
A37_slice009_frame029	obs0_rep0	obs0_rep1	586723	0	786	0	6723	115	564	800	5889
A43_slice010_frame029	obs0_rep0	obs0_rep1	583459	0	672	0	8564	277	415	429	7784
A38_slice002_frame008	obs0_rep0	obs0_rep1	596197	0	380	0	1215	62	100	93	3553
A32_slice007_frame029	obs0_rep0	obs0_rep1	589146	0	327	0	4692	518	651	189	6077
A34_slice002_frame008	obs0_rep0	obs0_rep1	596226	0	100	0	549	2	247	285	4191
A32_slice006_frame029	obs0_rep0	obs0_rep1	589258	0	869	0	5942	109	269	848	4305
A28_slice004_frame027	obs0_rep0	obs0_rep1	584128	0	1125	0	7536	626	202	172	7811
A30_slice000_frame010	obs0_rep0	obs0_rep1	594311	0	66	106	2500	1243	2105	275	994
A40_slice013_frame007	obs0_rep0	obs0_rep1	601600	0	0	0	0	0	0	0	0
A07_slice001_frame009	obs0_rep0	obs0_rep1	593409	0	12	0	2688	278	567	91	4555
A20_slice001_frame008	obs0_rep0	obs0_rep1	601600	0	0	0	0	0	0	0	0
A37_slice010_frame029	obs0_rep0	obs0_rep1	588959	0	557	0	6081	167	223	253	5360
A07_slice011_frame009	obs0_rep0	obs0_rep1	601600	0	0	0	0	0	0	0	0
A15_slice000_frame009	obs0_rep0	obs0_rep1	591138	0	435	0	2720	271	236	480	6320
A33_slice002_frame029	obs0_rep0	obs0_rep1	594854	0	717	0	2527	95	119	453	2835
A20_slice009_frame029	obs0_rep0	obs0_rep1	578572	0	881	0	12887	192	125	569	8374
A15_slice002_frame028	obs0_rep0	obs0_rep1	583489	0	136	0	8339	208	752	497	8179
A39_slice007_frame008	obs0_rep0	obs0_rep1	589781	0	271	0	1973	191	389	133	8862
A16_slice008_frame026	obs0_rep0	obs0_rep1	585543	0	139	0	7737	104	1175	304	6598
A23_slice011_frame011	obs0_rep0	obs0_rep1	601600	0	0	0	0	0	0	0	0
A22_slice012_frame011	obs0_rep0	obs0_rep1	586279	0	459	0	7015	204	202	117	7324
A20_slice004_frame029	obs0_rep0	obs0_rep1	587584	0	732	0	6792	51	262	880	5299
A46_slice001_frame029	obs0_rep0	obs0_rep1	591336	0	1745	0	3436	170	132	789	3992
A28_slice004_frame010	obs0_rep0	obs0_rep1	586361	0	354	93	6492	1309	1371	428	5192
A42_slice009_frame007	obs0_rep0	obs0_rep1	589123	0	72	0	3157	149	685	107	8307
A35_slice010_frame009	obs0_rep0	obs0_rep1	590508	0	116	0	4946	42	366	607	5015
A19_slice008_frame012	obs0_rep0	obs0_rep1	586166	0	221	0	3504	1	254	478	10976
A23_slice006_frame027	obs0_rep0	obs0_rep1	584450	0	680	0	9270	30	71	664	6435
A17_slice011_frame013	obs0_rep0	obs0_rep1	601600	0	0	0	0	0	0	0	0
A20_slice011_frame029	obs0_rep0	obs0_rep1	582506	0	173	0	9640	812	861	131	7477
A33_slice009_frame029	obs0_rep0	obs0_rep1	588710	0	480	0	6489	178	264	317	5162
A06_slice010_frame029	obs0_rep0	obs0_rep1	577804	0	175	0	12712	43	1532	254	9080
A09_slice006_frame029	obs0_rep0	obs0_rep1	585817	0	352	0	7113	288	573	98	7359
A30_slice000_frame027	obs0_rep0	obs0_rep1	592978	0	70	0	3273	433	1004	26	3816
A35_slice010_frame028	obs0_rep0	obs0_rep1	588089	0	557	0	6498	154	402	568	5332
A20_slice006_frame026	obs0_rep0	obs0_rep1	584956	0	645	0	7662	193	261	244	7639
A37_slice001_frame029	obs0_rep0	obs0_rep1	597181	0	461	0	1441	48	118	300	2051
A43_slice002_frame029	obs0_rep0	obs0_rep1	595450	0	178	0	2412	53	393	314	2800
A32_slice012_frame029	obs0_rep0	obs0_rep1	601600	0	0	0	0	0	0	0	0
A29_slice001_frame010	obs0_rep0	obs0_rep1	594624	0	152	0	1667	58	507	621	3971
A18_slice011_frame011	obs0_rep0	obs0_rep1	583794	0	1892	0	4876	564	321	778	9375
A26_slice005_frame009	obs0_rep0	obs0_rep1	588784	0	121	0	5088	250	585	50	6722
A07_slice003_frame009	obs0_rep0	obs0_rep1	589862	0	94	0	2959	174	621	552	7338
A17_slice012_frame028	obs0_rep0	obs0_rep1	601600	0	0	0	0	0	0	0	0
A36_slice005_frame010	obs0_rep0	obs0_rep1	592572	0	252	0	2252	0	375	857	5292
A16_slice005_frame026	obs0_rep0	obs0_rep1	588355	0	188	0	6652	243	674	77	5411
A42_slice008_frame027	obs0_rep0	obs0_rep1	586378	0	342	0	6665	233	208	201	7573
A17_slice005_frame028	obs0_rep0	obs0_rep1	589705	0	0	0	4570	126	1374	292	5533
A18_slice009_frame011	obs0_rep0	obs0_rep1	584459	0	766	0	5874	160	577	1169	8595
A34_slice004_frame008	obs0_rep0	obs0_rep1	593819	0	248	0	1105	67	339	165	5857
A35_slice012_frame009	obs0_rep0	obs0_rep1	601600	0	0	0	0	0	0	0	0
A42_slice000_frame027	obs0_rep0	obs0_rep1	598409	0	70	0	0	0	284	0	2837
A45_slice004_frame010	obs0_rep0	obs0_rep1	589525	0	996	0	1677	0	82	575	8745
A16_slice008_frame009	obs0_rep0	obs0_rep1	588713	0	97	0	2965	51	1062	145	8567
A29_slice009_frame028	obs0_rep0	obs0_rep1	582692	0	337	0	9590	368	490	204	7919
A30_slice009_frame010	obs0_rep0	obs0_rep1	585424	0	565	0	3739	694	131	172	10875
A27_slice009_frame027	obs0_rep0	obs0_rep1	578863	0	1179	0	12591	170	234	730	7833
A15_slice006_frame027	obs0_rep0	obs0_rep1	571812	0	985	0	15437	456	412	544	11954
A07_slice002_frame028	obs0_rep0	obs0_rep1	590190	0	285	0	5673	600	364	104	4384
A11_slice006_frame011	obs0_rep0	obs0_rep1	584392	0	121	0	7073	196	559	176	9083
A10_slice011_frame000	obs0_rep0	obs0_rep1	574755	0	754	0	16425	226	161	637	8642
A15_slice006_frame008	obs0_rep0	obs0_rep1	575956	0	1565	0	9233	770	677	82	13317
A10_slice000_frame009	obs0_rep0	obs0_rep1	598688	0	33	0	332	740	463	57	1287
A36_slice006_frame000	obs0_rep0	obs0_rep1	589085	0	254	0	6916	86	614	317	4328
A39_slice003_frame008	obs0_rep0	obs0_rep1	594301	0	523	0	0	0	489	611	5676
A29_slice015_frame028	obs0_rep0	obs0_rep1	601600	0	0	0	0	0	0	0	0
A47_slice011_frame029	obs0_rep0	obs0_rep1	580592	0	989	0	9017	272	538	165	10027
A47_slice012_frame006	obs0_rep0	obs0_rep1	601600	0	0	0	0	0	0	0	0
A46_slice013_frame029	obs0_rep0	obs0_rep1	601600	0	0	0	0	0	0	0	0
A19_slice006_frame012	obs0_rep0	obs0_rep1	587162	0	232	0	4341	149	479	386	8851
A44_slice006_frame009	obs0_rep0	obs0_rep1	588068	0	151	0	3431	255	427	163	9105
A22_slice010_frame011	obs0_rep0	obs0_rep1	584044	0	475	0	5107	64	284	160	11466
A15_slice004_frame009	obs0_rep0	obs0_rep1	580113	0	594	0	8076	281	1206	611	10719
A32_slice008_frame009	obs0_rep0	obs0_rep1	592187	0	108	0	3377	278	714	112	4824
A38_slice010_frame028	obs0_rep0	obs0_rep1	586691	0	554	0	6929	269	279	283	6595
A21_slice000_frame025	obs0_rep0	obs0_rep1	601600	0	0	0	0	0	0	0	0
A21_slice009_frame007	obs0_rep0	obs0_rep1	588341	0	392	0	1674	135	153	114	10791
A27_slice011_frame011	obs0_rep0	obs0_rep1	583891	0	178	0	5578	263	468	277	10945
A20_slice005_frame008	obs0_rep0	obs0_rep1	586714	0	1676	0	7011	54	84	454	5607
A26_slice006_frame028	obs0_rep0	obs0_rep1	582738	0	234	0	9110	205	669	187	8457
A34_slice007_frame008	obs0_rep0	obs0_rep1	592235	0	279	0	2360	65	242	293	6126
A38_slice005_frame008	obs0_rep0	obs0_rep1	592759	0	344	0	1904	28	96	237	6232
A40_slice002_frame028	obs0_rep0	obs0_rep1	596630	0	368	0	1628	51	23	126	2774
A40_slice007_frame007	obs0_rep0	obs0_rep1	591081	0	195	0	1713	130	371	236	7874
A44_slice003_frame009	obs0_rep0	obs0_rep1	590715	0	1003	0	1812	287	107	109	7567
A27_slice000_frame011	obs0_rep0	obs0_rep1	601600	0	0	0	0	0	0	0	0
A44_slice010_frame029	obs0_rep0	obs0_rep1	581431	0	585	0	10467	64	382	1156	7515
A24_slice001_frame012	obs0_rep0	obs0_rep1	593463	0	183	0	2264	241	513	70	4866
A28_slice006_frame027	obs0_rep0	obs0_rep1	578218	0	743	0	12145	295	548	388	9263
A10_slice008_frame009	obs0_rep0	obs0_rep1	582101	0	560	0	8611	151	252	503	9422
A44_slice002_frame029	obs0_rep0	obs0_rep1	591518	0	228	0	4142	103	259	383	4967
A44_slice012_frame009	obs0_rep0	obs0_rep1	601600	0	0	0	0	0	0	0	0
A42_slice011_frame007	obs0_rep0	obs0_rep1	601600	0	0	0	0	0	0	0	0
A36_slice008_frame000	obs0_rep0	obs0_rep1	587906	0	35	0	5998	1087	2363	150	4061
A44_slice002_frame009	obs0_rep0	obs0_rep1	593394	0	345	0	830	161	67	101	6702
A23_slice013_frame027	obs0_rep0	obs0_rep1	601600	0	0	0	0	0	0	0	0
A26_slice011_frame028	obs0_rep0	obs0_rep1	579128	0	384	0	11958	202	278	273	9377
A30_slice001_frame029	obs0_rep0	obs0_rep1	591025	0	97	0	4830	180	1282	130	4056
A20_slice001_frame029	obs0_rep0	obs0_rep1	601600	0	0	0	0	0	0	0	0
A19_slice002_frame012	obs0_rep0	obs0_rep1	590720	0	565	0	3659	53	173	840	5590
A44_slice000_frame009	obs0_rep0	obs0_rep1	598710	0	294	0	0	0	132	0	2464
A29_slice004_frame028	obs0_rep0	obs0_rep1	588509	0	416	0	6288	144	608	449	5186
A33_slice006_frame009	obs0_rep0	obs0_rep1	591522	0	25	0	2145	15	562	569	6762
A29_slice006_frame028	obs0_rep0	obs0_rep1	586290	0	772	0	7650	74	176	634	6004
A23_slice004_frame027	obs0_rep0	obs0_rep1	587271	0	685	0	7342	339	201	416	5346
A18_slice012_frame027	obs0_rep0	obs0_rep1	582455	0	398	0	9441	384	1366	110	7446
A37_slice004_frame029	obs0_rep0	obs0_rep1	590056	0	678	0	5601	120	53	380	4712
A47_slice006_frame029	obs0_rep0	obs0_rep1	585944	0	270	0	5551	369	797	347	8322
A10_slice010_frame009	obs0_rep0	obs0_rep1	581235	0	201	0	7719	194	533	232	11486
A12_slice008_frame009	obs0_rep0	obs0_rep1	584767	0	322	0	4739	186	182	371	11033
A18_slice003_frame011	obs0_rep0	obs0_rep1	592530	0	478	0	2360	94	386	498	5254
A39_slice006_frame028	obs0_rep0	obs0_rep1	588871	0	909	0	5293	126	149	387	5865
A16_slice003_frame009	obs0_rep0	obs0_rep1	593537	0	205	0	768	0	227	411	6452
A29_slice000_frame028	obs0_rep0	obs0_rep1	595341	0	352	0	2395	174	168	60	3110
A25_slice010_frame009	obs0_rep0	obs0_rep1	584600	0	799	0	4676	273	308	169	10775
A06_slice000_frame029	obs0_rep0	obs0_rep1	594392	0	5	0	2796	913	1103	0	2391
A17_slice005_frame013	obs0_rep0	obs0_rep1	590568	0	230	0	1099	306	584	211	8602
A43_slice004_frame029	obs0_rep0	obs0_rep1	590569	0	823	0	5283	12	34	421	4458
A44_slice013_frame009	obs0_rep0	obs0_rep1	601600	0	0	0	0	0	0	0	0
A25_slice013_frame028	obs0_rep0	obs0_rep1	601600	0	0	0	0	0	0	0	0
A11_slice002_frame028	obs0_rep0	obs0_rep1	588724	0	440	0	5041	230	473	368	6324
A26_slice010_frame028	obs0_rep0	obs0_rep1	578179	0	147	0	12518	415	834	142	9365
A42_slice010_frame027	obs0_rep0	obs0_rep1	586561	0	328	0	6514	330	650	220	6997
A15_slice010_frame028	obs0_rep0	obs0_rep1	571660	0	845	0	13895	221	891	608	13480
A47_slice008_frame006	obs0_rep0	obs0_rep1	585016	0	1472	0	2754	142	302	625	11289
A45_slice003_frame010	obs0_rep0	obs0_rep1	592617	0	610	0	854	95	74	152	7198
A12_slice010_frame028	obs0_rep0	obs0_rep1	580305	0	247	0	10339	575	425	66	9643
A27_slice010_frame011	obs0_rep0	obs0_rep1	583366	0	312	0	5744	255	425	328	11170
A12_slice006_frame009	obs0_rep0	obs0_rep1	585459	0	959	0	5647	244	163	253	8875
A28_slice007_frame010	obs0_rep0	obs0_rep1	582045	0	449	0	8553	293	743	412	9105
A06_slice004_frame009	obs0_rep0	obs0_rep1	586258	0	384	0	7825	249	244	282	6358
A24_slice002_frame012	obs0_rep0	obs0_rep1	590740	0	61	0	2569	365	404	42	7419
A24_slice010_frame012	obs0_rep0	obs0_rep1	586591	0	116	0	3795	253	1882	74	8889
A39_slice008_frame008	obs0_rep0	obs0_rep1	589045	0	363	0	2118	71	432	81	9490
A42_slice008_frame007	obs0_rep0	obs0_rep1	588865	0	133	0	2587	106	436	393	9080
A15_slice009_frame028	obs0_rep0	obs0_rep1	570293	0	945	0	15059	496	597	599	13611
A07_slice007_frame028	obs0_rep0	obs0_rep1	583850	0	798	0	9184	146	166	252	7204
A42_slice012_frame027	obs0_rep0	obs0_rep1	601600	0	0	0	0	0	0	0	0
A23_slice013_frame011	obs0_rep0	obs0_rep1	601600	0	0	0	0	0	0	0	0
A29_slice006_frame010	obs0_rep0	obs0_rep1	587621	0	194	0	4817	472	298	45	8153
A40_slice005_frame007	obs0_rep0	obs0_rep1	593346	0	451	0	1224	95	124	279	6081
A43_slice004_frame009	obs0_rep0	obs0_rep1	593644	0	445	0	1750	21	124	383	5233
A18_slice009_frame027	obs0_rep0	obs0_rep1	580299	0	85	0	11106	296	1327	647	7840
A19_slice005_frame029	obs0_rep0	obs0_rep1	585612	0	778	0	7962	61	97	379	6711
A22_slice002_frame027	obs0_rep0	obs0_rep1	591261	0	839	0	3432	114	222	247	5485
A17_slice006_frame028	obs0_rep0	obs0_rep1	587292	0	121	0	7053	34	814	556	5730
A25_slice006_frame028	obs0_rep0	obs0_rep1	582843	0	182	0	9979	705	444	188	7259
A38_slice000_frame008	obs0_rep0	obs0_rep1	600451	0	126	0	0	0	56	0	967
A46_slice001_frame009	obs0_rep0	obs0_rep1	594452	0	604	0	131	10	596	106	5701
A43_slice009_frame009	obs0_rep0	obs0_rep1	589034	0	142	0	3561	184	553	102	8024
A46_slice012_frame029	obs0_rep0	obs0_rep1	578007	0	845	0	9738	86	967	1313	10644
A29_slice004_frame010	obs0_rep0	obs0_rep1	589551	0	372	0	4090	315	497	430	6345
A22_slice011_frame027	obs0_rep0	obs0_rep1	580357	0	774	0	10155	181	599	315	9219
A28_slice001_frame010	obs0_rep0	obs0_rep1	597414	0	1358	0	758	564	277	200	1029
A39_slice004_frame028	obs0_rep0	obs0_rep1	591358	0	283	0	3322	150	735	439	5313
A18_slice005_frame027	obs0_rep0	obs0_rep1	587086	0	297	0	7118	236	657	241	5965
A41_slice007_frame028	obs0_rep0	obs0_rep1	585671	0	568	0	6926	639	663	191	6942
A22_slice004_frame027	obs0_rep0	obs0_rep1	587773	0	688	0	6055	256	237	180	6411
A19_slice002_frame029	obs0_rep0	obs0_rep1	590734	0	1083	0	3800	118	104	635	5126
A13_slice000_frame029	obs0_rep0	obs0_rep1	596053	0	323	0	2271	423	379	63	2088
A17_slice007_frame013	obs0_rep0	obs0_rep1	588794	0	184	0	2248	84	489	422	9379
A22_slice006_frame011	obs0_rep0	obs0_rep1	586353	0	516	0	5132	177	297	174	8951
A25_slice004_frame028	obs0_rep0	obs0_rep1	585877	0	1109	0	7832	459	224	305	5794
A41_slice001_frame028	obs0_rep0	obs0_rep1	597349	0	904	0	0	0	113	0	3234
A43_slice000_frame009	obs0_rep0	obs0_rep1	601600	0	0	0	0	0	0	0	0
A16_slice000_frame026	obs0_rep0	obs0_rep1	598461	0	442	0	611	90	179	95	1722
A25_slice001_frame009	obs0_rep0	obs0_rep1	595959	0	326	0	1057	42	258	235	3723
A09_slice010_frame008	obs0_rep0	obs0_rep1	585026	0	632	0	3915	17	124	810	11076
A29_slice002_frame010	obs0_rep0	obs0_rep1	591424	0	178	0	2637	530	960	496	5375
A30_slice006_frame029	obs0_rep0	obs0_rep1	585016	0	228	0	8509	311	471	160	6905
A46_slice008_frame009	obs0_rep0	obs0_rep1	581621	0	1191	0	3121	9	442	893	14323
A21_slice008_frame007	obs0_rep0	obs0_rep1	587300	0	379	0	3826	454	218	35	9388
A16_slice002_frame026	obs0_rep0	obs0_rep1	594171	0	176	0	2968	0	255	401	3629
A45_slice006_frame029	obs0_rep0	obs0_rep1	584431	0	1280	0	8566	188	14	439	6682
A18_slice013_frame011	obs0_rep0	obs0_rep1	601600	0	0	0	0	0	0	0	0
A40_slice003_frame007	obs0_rep0	obs0_rep1	595083	0	110	0	528	292	438	216	4933
A35_slice007_frame009	obs0_rep0	obs0_rep1	591383	0	93	0	2520	187	404	107	6906
A42_slice003_frame007	obs0_rep0	obs0_rep1	594086	0	632	0	905	104	327	24	5522
A33_slice003_frame009	obs0_rep0	obs0_rep1	594202	0	80	0	1170	63	873	391	4821
A30_slice010_frame029	obs0_rep0	obs0_rep1	581536	0	730	0	10955	345	147	188	7699
A43_slice003_frame009	obs0_rep0	obs0_rep1	594350	0	812	0	1152	105	215	321	4645
A05_slice009_frame010	obs0_rep0	obs0_rep1	582537	0	249	0	8856	6	1842	1128	6982
A05_slice009_frame029	obs0_rep0	obs0_rep1	587094	0	504	0	6171	1213	239	134	6245
A47_slice005_frame006	obs0_rep0	obs0_rep1	586361	0	548	0	3311	269	70	169	10872
A47_slice010_frame029	obs0_rep0	obs0_rep1	581004	0	1068	0	8768	305	177	222	10056
A09_slice002_frame029	obs0_rep0	obs0_rep1	592908	0	603	0	2973	50	53	429	4584
A41_slice003_frame028	obs0_rep0	obs0_rep1	593161	0	528	0	3295	11	94	720	3791
A26_slice013_frame009	obs0_rep0	obs0_rep1	601600	0	0	0	0	0	0	0	0
A45_slice007_frame029	obs0_rep0	obs0_rep1	583251	0	721	0	9410	15	208	957	7038
A05_slice000_frame010	obs0_rep0	obs0_rep1	590733	0	479	0	4219	331	521	342	4975
A43_slice005_frame009	obs0_rep0	obs0_rep1	592767	0	375	0	2198	15	154	443	5648
A40_slice003_frame028	obs0_rep0	obs0_rep1	594711	0	404	0	2522	72	288	184	3419
A44_slice008_frame009	obs0_rep0	obs0_rep1	586227	0	454	0	3716	167	569	162	10305
A16_slice000_frame009	obs0_rep0	obs0_rep1	599637	0	690	0	103	37	24	137	972
A43_slice001_frame029	obs0_rep0	obs0_rep1	597767	0	246	0	0	1081	353	0	2153
A33_slice005_frame009	obs0_rep0	obs0_rep1	592664	0	286	0	2268	176	234	127	5845
A11_slice001_frame028	obs0_rep0	obs0_rep1	591434	0	309	439	911	3530	3174	32	1771
A19_slice012_frame012	obs0_rep0	obs0_rep1	601600	0	0	0	0	0	0	0	0
A25_slice002_frame028	obs0_rep0	obs0_rep1	589629	0	1087	0	4491	3	74	881	5435
A11_slice000_frame011	obs0_rep0	obs0_rep1	596807	0	74	0	0	0	600	0	4119
A26_slice007_frame009	obs0_rep0	obs0_rep1	585101	0	600	0	5547	262	213	317	9560
A45_slice002_frame029	obs0_rep0	obs0_rep1	593089	0	587	0	3060	16	213	510	4125
A19_slice003_frame029	obs0_rep0	obs0_rep1	586566	0	206	0	6489	44	678	874	6743
A39_slice011_frame028	obs0_rep0	obs0_rep1	587087	5833	8680	0	0	0	0	0	0
A10_slice004_frame000	obs0_rep0	obs0_rep1	588034	0	178	0	6881	119	412	267	5709
A40_slice010_frame028	obs0_rep0	obs0_rep1	587446	0	87	0	5521	148	934	357	7107
A30_slice010_frame010	obs0_rep0	obs0_rep1	585275	0	101	0	3960	317	382	77	11488
A20_slice008_frame026	obs0_rep0	obs0_rep1	582667	0	318	0	8302	214	569	438	9092
A17_slice008_frame028	obs0_rep0	obs0_rep1	585379	0	219	0	8443	6	427	552	6574
A41_slice005_frame028	obs0_rep0	obs0_rep1	588864	0	615	0	4828	24	100	681	6488
A24_slice003_frame028	obs0_rep0	obs0_rep1	588139	0	332	0	6074	246	456	292	6061
A28_slice003_frame010	obs0_rep0	obs0_rep1	590002	0	401	0	5016	587	336	332	4926
A19_slice010_frame029	obs0_rep0	obs0_rep1	582125	0	620	0	9575	438	482	717	7643
A46_slice004_frame009	obs0_rep0	obs0_rep1	584957	0	351	0	2883	68	521	449	12371
A47_slice012_frame029	obs0_rep0	obs0_rep1	601600	0	0	0	0	0	0	0	0
A38_slice011_frame028	obs0_rep0	obs0_rep1	601600	0	0	0	0	0	0	0	0
A20_slice011_frame026	obs0_rep0	obs0_rep1	583016	0	706	0	7507	169	302	355	9545
A41_slice003_frame010	obs0_rep0	obs0_rep1	594083	0	39	0	944	31	594	395	5514
A19_slice011_frame012	obs0_rep0	obs0_rep1	601600	0	0	0	0	0	0	0	0
A12_slice010_frame009	obs0_rep0	obs0_rep1	583573	0	573	0	4730	349	441	122	11812
A32_slice005_frame009	obs0_rep0	obs0_rep1	591819	0	823	0	1260	4	192	498	7004
A34_slice003_frame008	obs0_rep0	obs0_rep1	595016	0	285	0	1320	116	182	41	4640
A34_slice010_frame008	obs0_rep0	obs0_rep1	601600	0	0	0	0	0	0	0	0
A34_slice006_frame028	obs0_rep0	obs0_rep1	590243	0	728	0	5672	259	433	210	4055
A38_slice001_frame008	obs0_rep0	obs0_rep1	597863	0	400	0	688	122	43	188	2296
A10_slice009_frame009	obs0_rep0	obs0_rep1	581332	0	557	0	8221	163	457	368	10502
A18_slice000_frame011	obs0_rep0	obs0_rep1	601600	0	0	0	0	0	0	0	0
A07_slice009_frame009	obs0_rep0	obs0_rep1	587757	0	1120	0	4320	536	613	171	7083
A35_slice008_frame009	obs0_rep0	obs0_rep1	590739	0	18	0	2535	21	791	163	7333
A40_slice010_frame007	obs0_rep0	obs0_rep1	590516	0	51	0	2221	98	723	230	7761
A44_slice009_frame029	obs0_rep0	obs0_rep1	581579	0	39	0	10339	54	809	512	8268
A27_slice007_frame011	obs0_rep0	obs0_rep1	585175	0	127	0	5471	83	517	368	9859
A12_slice012_frame009	obs0_rep0	obs0_rep1	601600	0	0	0	0	0	0	0	0
A46_slice011_frame029	obs0_rep0	obs0_rep1	576053	0	18	0	10251	106	1706	575	12891
A25_slice009_frame028	obs0_rep0	obs0_rep1	581026	0	212	0	10773	779	502	62	8246
A05_slice006_frame010	obs0_rep0	obs0_rep1	584719	0	323	0	6883	91	335	273	8976
A33_slice004_frame029	obs0_rep0	obs0_rep1	591701	0	567	0	4147	107	114	213	4751
A33_slice006_frame029	obs0_rep0	obs0_rep1	588472	0	322	0	6365	267	705	249	5220
A36_slice005_frame000	obs0_rep0	obs0_rep1	590257	0	88	0	6582	149	351	247	3926
A44_slice005_frame029	obs0_rep0	obs0_rep1	584716	0	852	0	8763	43	191	635	6400
A16_slice010_frame009	obs0_rep0	obs0_rep1	591196	0	469	0	4391	128	347	365	4704
A23_slice007_frame011	obs0_rep0	obs0_rep1	587650	0	168	0	3453	232	438	38	9621
A21_slice012_frame007	obs0_rep0	obs0_rep1	601600	0	0	0	0	0	0	0	0
A12_slice005_frame028	obs0_rep0	obs0_rep1	585835	0	259	0	6948	43	261	454	7800
A23_slice010_frame011	obs0_rep0	obs0_rep1	587129	0	144	0	4619	133	581	269	8725
A05_slice001_frame010	obs0_rep0	obs0_rep1	588270	0	156	0	6512	293	613	104	5652
A12_slice009_frame009	obs0_rep0	obs0_rep1	584130	0	283	0	4127	142	792	100	12026
A27_slice004_frame027	obs0_rep0	obs0_rep1	586694	0	311	0	7023	239	273	264	6796
A23_slice002_frame011	obs0_rep0	obs0_rep1	593902	0	446	0	1346	130	180	117	5479
A26_slice001_frame028	obs0_rep0	obs0_rep1	595409	0	91	0	1959	667	516	59	2899
A30_slice013_frame029	obs0_rep0	obs0_rep1	601600	0	0	0	0	0	0	0	0
A12_slice008_frame028	obs0_rep0	obs0_rep1	581304	0	497	0	9592	242	381	81	9503
A36_slice011_frame000	obs0_rep0	obs0_rep1	601600	0	0	0	0	0	0	0	0
A37_slice011_frame008	obs0_rep0	obs0_rep1	601600	0	0	0	0	0	0	0	0
A12_slice001_frame009	obs0_rep0	obs0_rep1	593751	0	1710	0	1559	138	371	634	3437
A11_slice011_frame028	obs0_rep0	obs0_rep1	601600	0	0	0	0	0	0	0	0
A15_slice001_frame008	obs0_rep0	obs0_rep1	587650	0	544	0	4480	664	750	151	7361
A25_slice004_frame009	obs0_rep0	obs0_rep1	586813	0	774	0	5494	50	205	377	7887
A16_slice004_frame009	obs0_rep0	obs0_rep1	592323	0	430	0	1149	33	125	417	7123
A36_slice008_frame010	obs0_rep0	obs0_rep1	591432	0	0	0	2256	30	855	399	6628
A23_slice009_frame027	obs0_rep0	obs0_rep1	582747	0	391	0	9822	564	548	108	7420
A18_slice008_frame011	obs0_rep0	obs0_rep1	584613	0	282	0	6343	148	1074	512	8628
A15_slice007_frame028	obs0_rep0	obs0_rep1	570295	0	324	0	16437	1034	2173	265	11072
A30_slice011_frame027	obs0_rep0	obs0_rep1	581407	0	492	0	9967	294	511	244	8685
A45_slice008_frame010	obs0_rep0	obs0_rep1	585618	0	224	0	2757	110	377	144	12370
A20_slice010_frame026	obs0_rep0	obs0_rep1	585192	0	580	0	6462	146	347	157	8716
A22_slice009_frame027	obs0_rep0	obs0_rep1	578684	0	1271	0	11579	580	211	44	9231
A20_slice005_frame029	obs0_rep0	obs0_rep1	583487	0	907	0	10686	19	103	1693	4705
A24_slice006_frame012	obs0_rep0	obs0_rep1	586496	0	77	0	4294	229	852	296	9356
A32_slice004_frame029	obs0_rep0	obs0_rep1	591241	0	273	0	4608	147	365	587	4379
A19_slice011_frame029	obs0_rep0	obs0_rep1	601600	0	0	0	0	0	0	0	0
A07_slice008_frame028	obs0_rep0	obs0_rep1	582870	0	429	0	9562	157	303	498	7781
A36_slice006_frame010	obs0_rep0	obs0_rep1	592738	0	956	0	2170	12	93	831	4800
A07_slice006_frame009	obs0_rep0	obs0_rep1	588302	0	409	0	3462	22	329	367	8709
A46_slice006_frame029	obs0_rep0	obs0_rep1	579547	0	1010	0	10534	108	202	454	9745
A40_slice012_frame007	obs0_rep0	obs0_rep1	601600	0	0	0	0	0	0	0	0
A20_slice004_frame026	obs0_rep0	obs0_rep1	588275	0	334	0	5917	491	302	116	6165
A15_slice000_frame028	obs0_rep0	obs0_rep1	591482	0	1088	0	2691	208	827	452	4852
A35_slice003_frame028	obs0_rep0	obs0_rep1	593931	0	94	0	3345	21	325	483	3401
A36_slice000_frame000	obs0_rep0	obs0_rep1	598605	0	423	0	0	0	789	0	1783
A40_slice013_frame028	obs0_rep0	obs0_rep1	601600	0	0	0	0	0	0	0	0
A29_slice000_frame010	obs0_rep0	obs0_rep1	598275	0	571	0	0	0	32	0	2722
A18_slice006_frame011	obs0_rep0	obs0_rep1	586300	0	1103	0	5622	310	1471	697	6097
A37_slice003_frame008	obs0_rep0	obs0_rep1	593146	0	688	0	1138	25	293	365	5945
A46_slice004_frame029	obs0_rep0	obs0_rep1	583201	0	429	0	8623	87	500	587	8173
A18_slice010_frame011	obs0_rep0	obs0_rep1	584772	0	1134	0	5233	172	197	291	9801
A05_slice008_frame029	obs0_rep0	obs0_rep1	579306	0	376	0	11965	158	695	798	8302
A30_slice012_frame010	obs0_rep0	obs0_rep1	601600	0	0	0	0	0	0	0	0
A05_slice006_frame029	obs0_rep0	obs0_rep1	580607	0	78	0	13463	210	482	201	6559
A13_slice013_frame029	obs0_rep0	obs0_rep1	601600	0	0	0	0	0	0	0	0
A19_slice004_frame012	obs0_rep0	obs0_rep1	588165	0	149	0	4729	126	357	409	7665
A10_slice001_frame009	obs0_rep0	obs0_rep1	595335	0	1619	0	1779	15	8	906	1938
A09_slice004_frame029	obs0_rep0	obs0_rep1	588296	0	427	0	5868	299	790	253	5667
A41_slice010_frame010	obs0_rep0	obs0_rep1	588325	0	129	0	3485	54	1147	348	8112
A10_slice012_frame009	obs0_rep0	obs0_rep1	582782	0	445	0	4888	179	509	114	12683
A11_slice008_frame028	obs0_rep0	obs0_rep1	582320	0	257	0	8903	93	596	291	9140
A09_slice001_frame008	obs0_rep0	obs0_rep1	595831	0	416	0	1349	188	92	43	3681
A10_slice004_frame009	obs0_rep0	obs0_rep1	588436	0	240	0	6530	197	277	185	5735
A22_slice010_frame027	obs0_rep0	obs0_rep1	579122	0	652	0	10981	708	339	271	9527
A45_slice004_frame029	obs0_rep0	obs0_rep1	588080	0	691	0	5779	7	259	821	5963
A09_slice005_frame029	obs0_rep0	obs0_rep1	588003	0	175	0	6362	237	554	132	6137
A34_slice010_frame028	obs0_rep0	obs0_rep1	601600	0	0	0	0	0	0	0	0
A13_slice000_frame010	obs0_rep0	obs0_rep1	596192	0	493	0	1329	81	49	236	3220
A33_slice007_frame029	obs0_rep0	obs0_rep1	587976	0	706	0	6413	98	344	211	5852
A39_slice011_frame008	obs0_rep0	obs0_rep1	601600	0	0	0	0	0	0	0	0
A18_slice007_frame027	obs0_rep0	obs0_rep1	582713	0	107	0	9707	441	1334	591	6707
A21_slice012_frame025	obs0_rep0	obs0_rep1	601600	0	0	0	0	0	0	0	0
A47_slice013_frame006	obs0_rep0	obs0_rep1	601600	0	0	0	0	0	0	0	0
A12_slice012_frame028	obs0_rep0	obs0_rep1	601600	0	0	0	0	0	0	0	0
A36_slice012_frame010	obs0_rep0	obs0_rep1	601600	0	0	0	0	0	0	0	0
A40_slice009_frame007	obs0_rep0	obs0_rep1	590972	0	258	0	2154	267	364	125	7460
A47_slice006_frame006	obs0_rep0	obs0_rep1	585790	0	929	0	2258	51	272	483	11817
A41_slice007_frame010	obs0_rep0	obs0_rep1	589857	0	277	0	1845	128	489	722	8282
A12_slice004_frame028	obs0_rep0	obs0_rep1	586975	0	497	0	5512	265	193	191	7967
A26_slice003_frame028	obs0_rep0	obs0_rep1	589187	0	428	0	5359	843	333	57	5393
A05_slice004_frame010	obs0_rep0	obs0_rep1	584573	0	108	0	8429	404	993	298	6795
A42_slice004_frame027	obs0_rep0	obs0_rep1	591017	0	938	0	3274	192	29	124	6026
A30_slice001_frame010	obs0_rep0	obs0_rep1	593360	0	40	0	3443	832	1227	30	2668
A13_slice006_frame029	obs0_rep0	obs0_rep1	576686	0	435	0	14124	934	399	181	8841
A30_slice009_frame029	obs0_rep0	obs0_rep1	581673	0	397	0	10597	384	158	376	8015
A12_slice003_frame028	obs0_rep0	obs0_rep1	589268	0	505	0	4617	425	193	112	6480
A40_slice012_frame028	obs0_rep0	obs0_rep1	601600	0	0	0	0	0	0	0	0
A33_slice005_frame029	obs0_rep0	obs0_rep1	589831	0	902	0	5483	101	145	362	4776
A42_slice013_frame007	obs0_rep0	obs0_rep1	601600	0	0	0	0	0	0	0	0
A07_slice009_frame028	obs0_rep0	obs0_rep1	584894	0	421	0	8666	405	636	119	6459
A46_slice002_frame029	obs0_rep0	obs0_rep1	588840	0	1708	0	5115	498	27	603	4809
A37_slice008_frame029	obs0_rep0	obs0_rep1	587004	0	49	0	7359	105	653	333	6097
A33_slice011_frame029	obs0_rep0	obs0_rep1	601600	0	0	0	0	0	0	0	0
A33_slice010_frame029	obs0_rep0	obs0_rep1	590737	0	286	0	5120	183	204	256	4814
A10_slice000_frame000	obs0_rep0	obs0_rep1	598720	0	84	0	918	118	466	99	1195
A37_slice005_frame029	obs0_rep0	obs0_rep1	589065	0	496	0	6083	112	241	520	5083
A46_slice005_frame029	obs0_rep0	obs0_rep1	580626	0	684	0	9963	288	229	465	9345
A34_slice011_frame028	obs0_rep0	obs0_rep1	601600	0	0	0	0	0	0	0	0
A13_slice002_frame010	obs0_rep0	obs0_rep1	589528	0	456	0	4360	418	313	398	6127
A26_slice000_frame028	obs0_rep0	obs0_rep1	601600	0	0	0	0	0	0	0	0
A10_slice011_frame009	obs0_rep0	obs0_rep1	581931	0	203	0	6616	275	387	167	12021
A28_slice012_frame027	obs0_rep0	obs0_rep1	572166	0	592	0	13766	162	333	1023	13558
A29_slice009_frame010	obs0_rep0	obs0_rep1	585641	0	423	0	4141	96	173	246	10880
A32_slice000_frame009	obs0_rep0	obs0_rep1	599030	0	144	0	0	0	57	0	2369
A09_slice001_frame029	obs0_rep0	obs0_rep1	596195	0	783	0	1419	282	137	222	2562
A17_slice012_frame013	obs0_rep0	obs0_rep1	601600	0	0	0	0	0	0	0	0
A23_slice006_frame011	obs0_rep0	obs0_rep1	587274	0	524	0	3449	118	283	377	9575
A30_slice009_frame027	obs0_rep0	obs0_rep1	582128	0	367	0	9802	473	620	117	8093
A20_slice004_frame008	obs0_rep0	obs0_rep1	589373	0	1679	0	4797	68	71	414	5198
A27_slice001_frame011	obs0_rep0	obs0_rep1	595347	0	345	0	1607	87	126	53	4035
A33_slice001_frame009	obs0_rep0	obs0_rep1	597958	0	1178	0	0	0	1	0	2463
A33_slice003_frame029	obs0_rep0	obs0_rep1	593723	0	513	0	3473	254	150	213	3274
A13_slice010_frame029	obs0_rep0	obs0_rep1	572001	0	1110	0	16739	623	692	79	10356
A26_slice011_frame009	obs0_rep0	obs0_rep1	583443	0	693	0	4310	301	310	18	12525
A36_slice011_frame010	obs0_rep0	obs0_rep1	601600	0	0	0	0	0	0	0	0
A21_slice007_frame007	obs0_rep0	obs0_rep1	588953	0	136	0	1460	25	455	198	10373
A09_slice002_frame008	obs0_rep0	obs0_rep1	591388	0	515	0	2456	872	59	51	6259
A15_slice005_frame028	obs0_rep0	obs0_rep1	576429	0	713	0	12412	1023	540	71	10412
A27_slice007_frame027	obs0_rep0	obs0_rep1	581438	0	831	0	10712	301	107	208	8003
A46_slice007_frame009	obs0_rep0	obs0_rep1	582539	0	48	0	2316	323	685	605	15084
A30_slice005_frame027	obs0_rep0	obs0_rep1	586132	0	359	0	8302	309	670	261	5567
A13_slice008_frame010	obs0_rep0	obs0_rep1	578146	0	226	0	8459	203	977	449	13140
A25_slice009_frame009	obs0_rep0	obs0_rep1	584743	0	192	0	4172	244	514	166	11569
A28_slice003_frame027	obs0_rep0	obs0_rep1	588610	0	968	0	5761	685	362	185	5029
A24_slice012_frame012	obs0_rep0	obs0_rep1	601600	0	0	0	0	0	0	0	0
A17_slice010_frame013	obs0_rep0	obs0_rep1	601600	0	0	0	0	0	0	0	0
A23_slice009_frame011	obs0_rep0	obs0_rep1	586739	0	268	0	3465	35	420	580	10093
A26_slice008_frame028	obs0_rep0	obs0_rep1	579219	0	1402	0	11774	243	4	225	8733
A45_slice005_frame010	obs0_rep0	obs0_rep1	588314	0	1025	0	3237	243	74	384	8323
A27_slice008_frame011	obs0_rep0	obs0_rep1	583578	0	748	0	5475	309	136	168	11186
A05_slice001_frame029	obs0_rep0	obs0_rep1	589089	0	467	0	7371	19	56	511	4087
A09_slice008_frame008	obs0_rep0	obs0_rep1	585732	0	182	0	4340	225	487	213	10421
A12_slice005_frame009	obs0_rep0	obs0_rep1	586839	0	761	0	5535	135	228	149	7953
A15_slice003_frame027	obs0_rep0	obs0_rep1	580180	0	779	0	9050	653	239	782	9917
A17_slice001_frame028	obs0_rep0	obs0_rep1	595158	0	422	0	2216	30	220	212	3342
A15_slice008_frame028	obs0_rep0	obs0_rep1	569748	0	865	0	16744	600	619	497	12527
A43_slice007_frame009	obs0_rep0	obs0_rep1	590407	0	578	0	2731	185	361	79	7259
A45_slice010_frame029	obs0_rep0	obs0_rep1	582192	0	795	0	9282	183	133	375	8640
A21_slice003_frame007	obs0_rep0	obs0_rep1	595503	0	264	0	693	12	368	234	4526
A12_slice009_frame028	obs0_rep0	obs0_rep1	580911	0	702	0	9209	322	142	37	10277
A32_slice008_frame029	obs0_rep0	obs0_rep1	588760	0	362	0	6386	68	1068	707	4249
A11_slice009_frame011	obs0_rep0	obs0_rep1	585111	0	332	0	3744	63	201	299	11850
A20_slice012_frame029	obs0_rep0	obs0_rep1	584642	0	466	0	7087	118	331	493	8463
A25_slice012_frame009	obs0_rep0	obs0_rep1	586261	0	629	0	6093	367	185	99	7966
A30_slice004_frame029	obs0_rep0	obs0_rep1	587326	0	88	0	8244	208	875	174	4685
A05_slice000_frame029	obs0_rep0	obs0_rep1	592307	0	653	0	4724	92	202	536	3086
A06_slice007_frame029	obs0_rep0	obs0_rep1	578623	0	311	0	13979	331	521	324	7511
A07_slice000_frame009	obs0_rep0	obs0_rep1	594184	0	63	0	2502	991	1209	84	2567
A20_slice002_frame029	obs0_rep0	obs0_rep1	592331	0	593	0	3842	77	29	325	4403
A22_slice000_frame027	obs0_rep0	obs0_rep1	601600	0	0	0	0	0	0	0	0
A11_slice010_frame011	obs0_rep0	obs0_rep1	584992	0	277	0	4114	27	639	333	11218
A15_slice003_frame009	obs0_rep0	obs0_rep1	583213	0	829	0	7135	166	484	999	8774
A16_slice004_frame026	obs0_rep0	obs0_rep1	590209	0	120	0	5283	239	506	401	4842
A28_slice002_frame010	obs0_rep0	obs0_rep1	593791	0	505	0	3030	94	153	566	3461
A35_slice002_frame009	obs0_rep0	obs0_rep1	597534	0	196	0	362	18	215	303	2972
A38_slice004_frame008	obs0_rep0	obs0_rep1	592579	0	531	0	2501	17	316	235	5421
A42_slice004_frame007	obs0_rep0	obs0_rep1	592485	0	953	0	1146	360	237	70	6349
A46_slice008_frame029	obs0_rep0	obs0_rep1	577691	0	781	0	12210	481	249	254	9934
A20_slice009_frame008	obs0_rep0	obs0_rep1	583382	0	351	0	4700	206	640	349	11972
A26_slice012_frame028	obs0_rep0	obs0_rep1	580714	0	433	0	10138	981	769	10	8555
A13_slice001_frame029	obs0_rep0	obs0_rep1	592033	0	400	0	4015	440	630	454	3628
A25_slice007_frame028	obs0_rep0	obs0_rep1	581260	0	873	0	10740	361	155	253	7958
A23_slice004_frame011	obs0_rep0	obs0_rep1	589979	0	575	0	2925	72	124	249	7676
A36_slice000_frame010	obs0_rep0	obs0_rep1	600266	0	315	0	0	0	6	0	1013
A07_slice010_frame028	obs0_rep0	obs0_rep1	586555	7755	7290	0	0	0	0	0	0
A43_slice000_frame029	obs0_rep0	obs0_rep1	601600	0	0	0	0	0	0	0	0
A42_slice000_frame007	obs0_rep0	obs0_rep1	599368	0	340	0	0	0	48	0	1844
A10_slice008_frame000	obs0_rep0	obs0_rep1	578087	0	242	0	13391	432	810	374	8264
A17_slice002_frame028	obs0_rep0	obs0_rep1	591955	0	297	0	3938	55	255	302	4798
A42_slice005_frame007	obs0_rep0	obs0_rep1	591938	0	652	0	2420	196	224	142	6028
A19_slice009_frame012	obs0_rep0	obs0_rep1	586779	0	363	0	3767	80	184	126	10301
A23_slice007_frame027	obs0_rep0	obs0_rep1	584097	0	662	0	9267	130	83	356	7005
A39_slice001_frame028	obs0_rep0	obs0_rep1	597026	0	802	0	0	0	109	0	3663
A40_slice008_frame028	obs0_rep0	obs0_rep1	588205	0	99	0	5078	167	519	151	7381
A33_slice011_frame009	obs0_rep0	obs0_rep1	601600	0	0	0	0	0	0	0	0
A47_slice007_frame006	obs0_rep0	obs0_rep1	584595	0	1040	0	2868	62	252	857	11926
A30_slice006_frame027	obs0_rep0	obs0_rep1	585141	0	125	0	8344	215	441	358	6976
A36_slice007_frame010	obs0_rep0	obs0_rep1	591829	0	44	0	2640	141	461	58	6427
A22_slice003_frame027	obs0_rep0	obs0_rep1	588407	0	880	0	5266	508	45	196	6298
A06_slice005_frame029	obs0_rep0	obs0_rep1	582054	0	256	0	11936	200	643	315	6196
A28_slice009_frame027	obs0_rep0	obs0_rep1	575118	0	1017	0	13672	284	84	474	10951
A33_slice002_frame009	obs0_rep0	obs0_rep1	596511	0	281	0	744	68	775	304	2917
A24_slice004_frame012	obs0_rep0	obs0_rep1	588809	0	25	0	4292	70	1183	245	6976
A34_slice008_frame008	obs0_rep0	obs0_rep1	592730	0	162	0	2139	63	318	245	5943
A24_slice005_frame012	obs0_rep0	obs0_rep1	587125	0	153	0	5033	513	882	51	7843
A29_slice008_frame028	obs0_rep0	obs0_rep1	584253	0	966	0	8638	117	23	286	7317
A45_slice001_frame029	obs0_rep0	obs0_rep1	596324	0	390	0	1786	9	329	381	2381
A09_slice006_frame008	obs0_rep0	obs0_rep1	586599	0	274	0	3962	26	793	711	9235
A47_slice005_frame029	obs0_rep0	obs0_rep1	585638	0	338	0	6055	157	456	986	7970
A26_slice001_frame009	obs0_rep0	obs0_rep1	596776	0	300	0	0	0	443	0	4081
A05_slice005_frame029	obs0_rep0	obs0_rep1	581926	0	356	0	11171	369	528	392	6858
A35_slice009_frame009	obs0_rep0	obs0_rep1	591211	0	66	0	2746	153	380	212	6832
A09_slice011_frame008	obs0_rep0	obs0_rep1	601600	0	0	0	0	0	0	0	0
A44_slice009_frame009	obs0_rep0	obs0_rep1	584829	0	392	0	3445	127	482	276	12049
A38_slice005_frame028	obs0_rep0	obs0_rep1	591339	0	646	0	4466	13	91	650	4395
A21_slice007_frame025	obs0_rep0	obs0_rep1	587967	0	242	0	4493	105	781	267	7745
A45_slice003_frame029	obs0_rep0	obs0_rep1	590136	0	961	0	4662	44	153	380	5264
A45_slice006_frame010	obs0_rep0	obs0_rep1	587823	0	681	0	3662	165	280	323	8666
A20_slice009_frame026	obs0_rep0	obs0_rep1	580222	0	487	0	10814	453	368	65	9191
A15_slice009_frame008	obs0_rep0	obs0_rep1	576212	0	333	0	6822	177	1205	392	16459
A05_slice005_frame010	obs0_rep0	obs0_rep1	586299	0	77	0	6663	276	736	629	6920
A24_slice005_frame028	obs0_rep0	obs0_rep1	584859	0	349	0	8368	182	197	479	7166
A18_slice003_frame027	obs0_rep0	obs0_rep1	592747	0	375	0	2965	307	868	210	4128
A25_slice000_frame009	obs0_rep0	obs0_rep1	601600	0	0	0	0	0	0	0	0
A19_slice001_frame012	obs0_rep0	obs0_rep1	595362	0	127	0	0	331	838	0	4942
A42_slice012_frame007	obs0_rep0	obs0_rep1	601600	0	0	0	0	0	0	0	0
A39_slice012_frame028	obs0_rep0	obs0_rep1	601600	0	0	0	0	0	0	0	0
A15_slice011_frame008	obs0_rep0	obs0_rep1	578552	0	1049	0	7755	225	1279	354	12386
A18_slice002_frame011	obs0_rep0	obs0_rep1	595303	0	1440	0	1271	0	0	852	2734
A24_slice008_frame012	obs0_rep0	obs0_rep1	585256	0	382	0	3368	81	453	127	11933
A23_slice000_frame011	obs0_rep0	obs0_rep1	601600	0	0	0	0	0	0	0	0
A27_slice004_frame011	obs0_rep0	obs0_rep1	588102	0	589	0	5578	155	254	378	6544
A36_slice010_frame000	obs0_rep0	obs0_rep1	586953	0	600	0	7253	187	482	157	5968
A20_slice003_frame026	obs0_rep0	obs0_rep1	589626	0	283	0	5565	357	230	204	5335
A38_slice011_frame008	obs0_rep0	obs0_rep1	601600	0	0	0	0	0	0	0	0
A20_slice001_frame026	obs0_rep0	obs0_rep1	601600	0	0	0	0	0	0	0	0
A06_slice002_frame029	obs0_rep0	obs0_rep1	588536	0	424	0	7003	169	465	238	4765
A23_slice011_frame027	obs0_rep0	obs0_rep1	601600	0	0	0	0	0	0	0	0
A32_slice000_frame029	obs0_rep0	obs0_rep1	598202	0	328	0	1215	106	168	110	1471
A26_slice012_frame009	obs0_rep0	obs0_rep1	585332	0	364	0	5412	882	531	50	9029
A30_slice008_frame027	obs0_rep0	obs0_rep1	582585	0	190	0	9806	583	661	78	7697
A29_slice005_frame028	obs0_rep0	obs0_rep1	587024	0	852	0	7394	224	444	483	5179
A25_slice012_frame028	obs0_rep0	obs0_rep1	582228	0	753	0	9781	340	446	490	7562
A15_slice000_frame008	obs0_rep0	obs0_rep1	591466	0	476	0	2521	670	946	145	5376
A40_slice007_frame028	obs0_rep0	obs0_rep1	589449	0	329	0	4354	57	223	286	6902
A28_slice005_frame027	obs0_rep0	obs0_rep1	582162	0	284	0	9897	270	668	154	8165
A44_slice003_frame029	obs0_rep0	obs0_rep1	588988	0	436	0	6013	145	196	180	5642
A45_slice005_frame029	obs0_rep0	obs0_rep1	585487	0	772	0	7955	64	49	708	6565
A23_slice010_frame027	obs0_rep0	obs0_rep1	582566	0	433	0	9529	140	175	450	8307
A22_slice011_frame011	obs0_rep0	obs0_rep1	584878	0	267	0	5719	282	703	95	9656
A24_slice000_frame028	obs0_rep0	obs0_rep1	596171	0	266	0	0	1652	222	0	3289
A27_slice012_frame011	obs0_rep0	obs0_rep1	584127	0	409	0	7366	807	756	213	7922
A17_slice009_frame028	obs0_rep0	obs0_rep1	584985	0	791	0	8450	143	833	403	5995
A29_slice007_frame010	obs0_rep0	obs0_rep1	587025	0	35	0	5140	302	687	182	8229
A11_slice005_frame011	obs0_rep0	obs0_rep1	585044	0	157	0	7971	137	269	295	7727
A37_slice009_frame008	obs0_rep0	obs0_rep1	589786	0	474	0	2920	64	179	156	8021
A27_slice012_frame027	obs0_rep0	obs0_rep1	579757	0	433	0	11669	268	724	401	8348
A42_slice007_frame007	obs0_rep0	obs0_rep1	590512	0	115	0	3143	167	722	162	6779
A35_slice004_frame028	obs0_rep0	obs0_rep1	593299	0	354	0	3763	75	177	346	3586
A20_slice000_frame008	obs0_rep0	obs0_rep1	601600	0	0	0	0	0	0	0	0
A32_slice012_frame009	obs0_rep0	obs0_rep1	601600	0	0	0	0	0	0	0	0
A37_slice000_frame029	obs0_rep0	obs0_rep1	599816	0	48	0	342	29	156	87	1122
A22_slice001_frame027	obs0_rep0	obs0_rep1	595349	0	419	0	1468	20	141	270	3933
A41_slice004_frame028	obs0_rep0	obs0_rep1	590469	0	398	0	4084	2	406	701	5540
A26_slice002_frame028	obs0_rep0	obs0_rep1	591491	0	781	0	3946	445	124	156	4657
A18_slice004_frame027	obs0_rep0	obs0_rep1	589020	0	267	0	5153	380	889	452	5439
A24_slice006_frame028	obs0_rep0	obs0_rep1	584365	0	614	0	7408	324	142	887	7860
A39_slice007_frame028	obs0_rep0	obs0_rep1	586739	0	214	0	6559	199	975	342	6572
A43_slice011_frame009	obs0_rep0	obs0_rep1	588627	0	540	0	3986	833	480	93	7041
A36_slice007_frame000	obs0_rep0	obs0_rep1	588116	0	479	0	6674	962	1385	227	3757
A47_slice008_frame029	obs0_rep0	obs0_rep1	583407	0	551	0	6970	277	404	163	9828
A18_slice001_frame027	obs0_rep0	obs0_rep1	595953	0	901	0	0	0	239	1825	2682
A40_slice005_frame028	obs0_rep0	obs0_rep1	592531	0	163	0	3187	121	496	227	4875
A35_slice005_frame028	obs0_rep0	obs0_rep1	590690	0	268	0	5187	751	961	243	3500
A36_slice010_frame010	obs0_rep0	obs0_rep1	590775	0	647	0	3966	189	282	155	5586
A30_slice011_frame029	obs0_rep0	obs0_rep1	581639	0	464	0	10501	351	227	53	8365
A12_slice007_frame028	obs0_rep0	obs0_rep1	582006	0	263	0	9421	252	726	283	8649
A11_slice002_frame011	obs0_rep0	obs0_rep1	589056	0	1091	0	4680	47	343	562	5821
A19_slice007_frame012	obs0_rep0	obs0_rep1	586885	0	295	0	4264	145	246	297	9468
A40_slice008_frame007	obs0_rep0	obs0_rep1	590371	0	212	0	1878	167	184	38	8750
A29_slice011_frame028	obs0_rep0	obs0_rep1	581269	0	314	0	9598	219	882	448	8870
A29_slice001_frame028	obs0_rep0	obs0_rep1	593069	0	413	0	3405	11	437	497	3768
A12_slice006_frame028	obs0_rep0	obs0_rep1	583847	0	387	0	7485	149	253	523	8956
A21_slice002_frame007	obs0_rep0	obs0_rep1	596838	0	96	0	873	32	244	324	3193
A15_slice001_frame027	obs0_rep0	obs0_rep1	586521	0	963	0	4837	722	940	491	7126
