image	methodA	methodB	lv	my
A29_slice002_frame010	obs0_rep1	obs0_rep0	13.0	11.40175425099138
A45_slice008_frame010	obs0_rep1	obs0_rep0	4.123105625617661	4.47213595499958
A13_slice007_frame029	obs0_rep1	obs0_rep0	5.0	7.0710678118654755
A37_slice010_frame008	obs0_rep1	obs0_rep0	5.0	15.132745950421556
A20_slice011_frame029	obs0_rep1	obs0_rep0	13.0	13.0
A43_slice005_frame009	obs0_rep1	obs0_rep0	7.0710678118654755	8.0
A36_slice004_frame010	obs0_rep1	obs0_rep0	6.708203932499369	7.0710678118654755
A34_slice003_frame028	obs0_rep1	obs0_rep0	5.385164807134504	10.44030650891055
A34_slice011_frame028	obs0_rep1	obs0_rep0	0.0	0.0
A40_slice003_frame007	obs0_rep1	obs0_rep0	9.055385138137417	9.0
A05_slice002_frame029	obs0_rep1	obs0_rep0	7.211102550927978	7.0710678118654755
A40_slice004_frame028	obs0_rep1	obs0_rep0	8.602325267042627	10.295630140987
A16_slice002_frame026	obs0_rep1	obs0_rep0	7.615773105863909	7.615773105863909
A23_slice011_frame011	obs0_rep1	obs0_rep0	0.0	0.0
A44_slice004_frame009	obs0_rep1	obs0_rep0	10.44030650891055	10.44030650891055
A38_slice010_frame028	obs0_rep1	obs0_rep0	4.47213595499958	5.830951894845301
A17_slice003_frame028	obs0_rep1	obs0_rep0	5.830951894845301	7.0710678118654755
A11_slice000_frame011	obs0_rep1	obs0_rep0	0.0	6.0
A45_slice005_frame010	obs0_rep1	obs0_rep0	7.0	7.0
A30_slice004_frame029	obs0_rep1	obs0_rep0	3.605551275463989	8.06225774829855
A47_slice010_frame029	obs0_rep1	obs0_rep0	3.605551275463989	7.0
A34_slice006_frame008	obs0_rep1	obs0_rep0	3.0	5.0
A26_slice007_frame028	obs0_rep1	obs0_rep0	5.0	10.198039027185569
A15_slice001_frame027	obs0_rep1	obs0_rep0	10.44030650891055	10.816653826391969
A20_slice011_frame008	obs0_rep1	obs0_rep0	9.486832980505138	9.486832980505138
A37_slice003_frame008	obs0_rep1	obs0_rep0	10.63014581273465	10.295630140987
A32_slice005_frame009	obs0_rep1	obs0_rep0	7.280109889280518	11.40175425099138
A23_slice005_frame011	obs0_rep1	obs0_rep0	5.0	7.615773105863909
A18_slice013_frame011	obs0_rep1	obs0_rep0	0.0	0.0
A39_slice006_frame028	obs0_rep1	obs0_rep0	6.0	12.36931687685298
A43_slice003_frame029	obs0_rep1	obs0_rep0	6.4031242374328485	8.602325267042627
A33_slice004_frame009	obs0_rep1	obs0_rep0	4.47213595499958	9.0
A30_slice006_frame010	obs0_rep1	obs0_rep0	6.708203932499369	6.708203932499369
A46_slice012_frame009	obs0_rep1	obs0_rep0	10.770329614269007	10.63014581273465
A32_slice012_frame029	obs0_rep1	obs0_rep0	0.0	0.0
A40_slice012_frame007	obs0_rep1	obs0_rep0	0.0	0.0
A17_slice002_frame013	obs0_rep1	obs0_rep0	9.055385138137417	8.48528137423857
A30_slice012_frame010	obs0_rep1	obs0_rep0	0.0	0.0
A34_slice004_frame028	obs0_rep1	obs0_rep0	3.0	5.0
A42_slice002_frame007	obs0_rep1	obs0_rep0	5.0990195135927845	5.0
A42_slice003_frame007	obs0_rep1	obs0_rep0	2.8284271247461903	7.615773105863909
A07_slice001_frame009	obs0_rep1	obs0_rep0	5.385164807134504	6.324555320336759
A16_slice005_frame026	obs0_rep1	obs0_rep0	4.0	6.708203932499369
A47_slice004_frame029	obs0_rep1	obs0_rep0	5.0990195135927845	8.0
A15_slice009_frame028	obs0_rep1	obs0_rep0	7.615773105863909	7.615773105863909
A35_slice002_frame009	obs0_rep1	obs0_rep0	9.219544457292887	8.94427190999916
A33_slice006_frame009	obs0_rep1	obs0_rep0	8.0	8.0
A27_slice009_frame027	obs0_rep1	obs0_rep0	6.324555320336759	10.770329614269007
A42_slice008_frame027	obs0_rep1	obs0_rep0	4.123105625617661	4.123105625617661
A47_slice006_frame006	obs0_rep1	obs0_rep0	8.94427190999916	8.54400374531753
A07_slice001_frame028	obs0_rep1	obs0_rep0	11.0	11.0
A17_slice007_frame028	obs0_rep1	obs0_rep0	3.0	7.280109889280518
A23_slice002_frame011	obs0_rep1	obs0_rep0	4.242640687119285	8.06225774829855
A44_slice013_frame009	obs0_rep1	obs0_rep0	0.0	0.0
A40_slice007_frame028	obs0_rep1	obs0_rep0	5.0	6.0
A30_slice002_frame010	obs0_rep1	obs0_rep0	6.0	6.082762530298219
A38_slice007_frame028	obs0_rep1	obs0_rep0	6.082762530298219	11.313708498984761
A34_slice003_frame008	obs0_rep1	obs0_rep0	3.1622776601683795	6.708203932499369
A13_slice000_frame010	obs0_rep1	obs0_rep0	5.656854249492381	6.082762530298219
A46_slice009_frame029	obs0_rep1	obs0_rep0	8.06225774829855	8.06225774829855
A18_slice001_frame027	obs0_rep1	obs0_rep0	inf	21.095023109728988
A24_slice004_frame028	obs0_rep1	obs0_rep0	8.0	8.0
A24_slice001_frame028	obs0_rep1	obs0_rep0	6.0	6.0
A21_slice010_frame007	obs0_rep1	obs0_rep0	3.0	5.0
A21_slice007_frame007	obs0_rep1	obs0_rep0	3.605551275463989	4.242640687119285
A27_slice001_frame011	obs0_rep1	obs0_rep0	4.0	5.830951894845301
A11_slice000_frame028	obs0_rep1	obs0_rep0	0.0	7.0710678118654755
A15_slice008_frame027	obs0_rep1	obs0_rep0	8.06225774829855	8.06225774829855
A23_slice005_frame027	obs0_rep1	obs0_rep0	3.605551275463989	6.4031242374328485
A39_slice011_frame028	obs0_rep1	obs0_rep0	inf	inf
A32_slice008_frame029	obs0_rep1	obs0_rep0	7.615773105863909	8.54400374531753
A47_slice012_frame029	obs0_rep1	obs0_rep0	0.0	0.0
A29_slice011_frame010	obs0_rep1	obs0_rep0	6.0	6.324555320336759
A47_slice011_frame029	obs0_rep1	obs0_rep0	5.0	9.219544457292887
A33_slice010_frame009	obs0_rep1	obs0_rep0	7.810249675906654	7.615773105863909
A17_slice012_frame013	obs0_rep1	obs0_rep0	0.0	0.0
A24_slice008_frame012	obs0_rep1	obs0_rep0	5.0	5.0
A41_slice008_frame028	obs0_rep1	obs0_rep0	5.385164807134504	5.656854249492381
A42_slice013_frame007	obs0_rep1	obs0_rep0	0.0	0.0
A45_slice006_frame029	obs0_rep1	obs0_rep0	7.0710678118654755	7.810249675906654
A24_slice008_frame028	obs0_rep1	obs0_rep0	4.123105625617661	5.385164807134504
A20_slice000_frame029	obs0_rep1	obs0_rep0	0.0	0.0
A35_slice005_frame028	obs0_rep1	obs0_rep0	12.041594578792296	12.806248474865697
A40_slice010_frame028	obs0_rep1	obs0_rep0	5.656854249492381	9.433981132056603
A13_slice004_frame029	obs0_rep1	obs0_rep0	9.0	10.63014581273465
A23_slice012_frame027	obs0_rep1	obs0_rep0	0.0	0.0
A26_slice000_frame028	obs0_rep1	obs0_rep0	0.0	0.0
A44_slice001_frame009	obs0_rep1	obs0_rep0	5.385164807134504	5.385164807134504
A46_slice003_frame029	obs0_rep1	obs0_rep0	6.708203932499369	6.708203932499369
A30_slice005_frame029	obs0_rep1	obs0_rep0	8.54400374531753	9.848857801796104
A18_slice011_frame027	obs0_rep1	obs0_rep0	6.324555320336759	11.661903789690601
A45_slice006_frame010	obs0_rep1	obs0_rep0	5.830951894845301	10.295630140987
A47_slice006_frame029	obs0_rep1	obs0_rep0	8.06225774829855	8.48528137423857
A44_slice010_frame009	obs0_rep1	obs0_rep0	4.123105625617661	5.0
A05_slice005_frame010	obs0_rep1	obs0_rep0	9.055385138137417	9.055385138137417
A15_slice002_frame028	obs0_rep1	obs0_rep0	7.0	7.0
A44_slice007_frame029	obs0_rep1	obs0_rep0	8.54400374531753	8.54400374531753
A06_slice005_frame029	obs0_rep1	obs0_rep0	3.1622776601683795	7.0710678118654755
A20_slice007_frame008	obs0_rep1	obs0_rep0	8.0	8.0
A43_slice004_frame009	obs0_rep1	obs0_rep0	7.280109889280518	7.211102550927978
A47_slice000_frame006	obs0_rep1	obs0_rep0	0.0	21.95449840010015
A11_slice010_frame028	obs0_rep1	obs0_rep0	8.48528137423857	8.48528137423857
A10_slice001_frame000	obs0_rep1	obs0_rep0	10.04987562112089	10.0
A23_slice010_frame027	obs0_rep1	obs0_rep0	5.0	5.0
A40_slice005_frame028	obs0_rep1	obs0_rep0	5.0	5.830951894845301
A42_slice000_frame027	obs0_rep1	obs0_rep0	0.0	4.0
A10_slice005_frame000	obs0_rep1	obs0_rep0	8.94427190999916	8.94427190999916
A07_slice003_frame028	obs0_rep1	obs0_rep0	4.47213595499958	7.0710678118654755
A19_slice011_frame029	obs0_rep1	obs0_rep0	0.0	0.0
A34_slice008_frame008	obs0_rep1	obs0_rep0	7.615773105863909	7.280109889280518
A10_slice002_frame000	obs0_rep1	obs0_rep0	5.656854249492381	8.94427190999916
A15_slice007_frame027	obs0_rep1	obs0_rep0	7.615773105863909	9.219544457292887
A18_slice006_frame027	obs0_rep1	obs0_rep0	12.083045973594572	12.0
A30_slice008_frame027	obs0_rep1	obs0_rep0	8.0	8.0
A40_slice008_frame007	obs0_rep1	obs0_rep0	4.242640687119285	4.123105625617661
A38_slice008_frame008	obs0_rep1	obs0_rep0	5.0	8.94427190999916
A42_slice004_frame007	obs0_rep1	obs0_rep0	8.06225774829855	10.770329614269007
A09_slice007_frame029	obs0_rep1	obs0_rep0	4.0	6.324555320336759
A21_slice003_frame025	obs0_rep1	obs0_rep0	4.0	6.708203932499369
A20_slice002_frame026	obs0_rep1	obs0_rep0	6.708203932499369	6.708203932499369
A36_slice001_frame000	obs0_rep1	obs0_rep0	5.656854249492381	5.0
A39_slice012_frame008	obs0_rep1	obs0_rep0	0.0	0.0
A11_slice006_frame028	obs0_rep1	obs0_rep0	5.0	6.324555320336759
A24_slice003_frame028	obs0_rep1	obs0_rep0	8.06225774829855	11.180339887498949
A17_slice009_frame013	obs0_rep1	obs0_rep0	8.06225774829855	8.0
A24_slice011_frame012	obs0_rep1	obs0_rep0	4.0	9.899494936611665
A30_slice011_frame029	obs0_rep1	obs0_rep0	3.1622776601683795	3.605551275463989
A35_slice001_frame009	obs0_rep1	obs0_rep0	0.0	14.0
A18_slice012_frame011	obs0_rep1	obs0_rep0	6.4031242374328485	12.206555615733702
A47_slice003_frame006	obs0_rep1	obs0_rep0	6.324555320336759	6.708203932499369
A05_slice010_frame010	obs0_rep1	obs0_rep0	0.0	0.0
A32_slice007_frame029	obs0_rep1	obs0_rep0	9.848857801796104	8.54400374531753
A28_slice006_frame010	obs0_rep1	obs0_rep0	9.486832980505138	9.486832980505138
A28_slice005_frame027	obs0_rep1	obs0_rep0	3.605551275463989	5.385164807134504
A25_slice005_frame009	obs0_rep1	obs0_rep0	4.47213595499958	4.47213595499958
A13_slice002_frame029	obs0_rep1	obs0_rep0	5.385164807134504	6.324555320336759
A21_slice007_frame025	obs0_rep1	obs0_rep0	5.0	6.708203932499369
A38_slice000_frame028	obs0_rep1	obs0_rep0	8.0	8.94427190999916
A20_slice001_frame026	obs0_rep1	obs0_rep0	0.0	0.0
A16_slice004_frame009	obs0_rep1	obs0_rep0	13.341664064126334	8.54400374531753
A44_slice004_frame029	obs0_rep1	obs0_rep0	5.656854249492381	5.656854249492381
A18_slice008_frame011	obs0_rep1	obs0_rep0	7.810249675906654	8.54400374531753
A19_slice007_frame012	obs0_rep1	obs0_rep0	5.0990195135927845	5.0990195135927845
A36_slice007_frame000	obs0_rep1	obs0_rep0	13.601470508735444	16.278820596099706
A35_slice007_frame028	obs0_rep1	obs0_rep0	4.0	4.0
A22_slice003_frame027	obs0_rep1	obs0_rep0	7.615773105863909	7.280109889280518
A21_slice012_frame007	obs0_rep1	obs0_rep0	0.0	0.0
A35_slice008_frame028	obs0_rep1	obs0_rep0	9.055385138137417	10.44030650891055
A45_slice012_frame010	obs0_rep1	obs0_rep0	5.0	11.704699910719626
A25_slice003_frame009	obs0_rep1	obs0_rep0	4.242640687119285	5.385164807134504
A09_slice005_frame008	obs0_rep1	obs0_rep0	5.830951894845301	9.433981132056603
A15_slice000_frame027	obs0_rep1	obs0_rep0	8.54400374531753	13.0
A16_slice000_frame009	obs0_rep1	obs0_rep0	10.04987562112089	12.083045973594572
A20_slice011_frame026	obs0_rep1	obs0_rep0	5.385164807134504	7.0
A39_slice009_frame008	obs0_rep1	obs0_rep0	3.0	9.486832980505138
A43_slice008_frame009	obs0_rep1	obs0_rep0	6.0	9.055385138137417
A36_slice005_frame000	obs0_rep1	obs0_rep0	3.1622776601683795	4.47213595499958
A13_slice013_frame029	obs0_rep1	obs0_rep0	0.0	0.0
A41_slice010_frame010	obs0_rep1	obs0_rep0	6.324555320336759	11.313708498984761
A13_slice006_frame029	obs0_rep1	obs0_rep0	11.313708498984761	11.313708498984761
A33_slice004_frame029	obs0_rep1	obs0_rep0	5.0	5.0
A37_slice001_frame008	obs0_rep1	obs0_rep0	0.0	7.810249675906654
A45_slice009_frame029	obs0_rep1	obs0_rep0	5.385164807134504	8.602325267042627
A35_slice002_frame028	obs0_rep1	obs0_rep0	5.830951894845301	5.830951894845301
A45_slice007_frame010	obs0_rep1	obs0_rep0	7.615773105863909	7.280109889280518
A10_slice009_frame009	obs0_rep1	obs0_rep0	5.0	6.324555320336759
A42_slice002_frame027	obs0_rep1	obs0_rep0	4.242640687119285	6.082762530298219
A09_slice000_frame008	obs0_rep1	obs0_rep0	inf	13.0
A23_slice008_frame027	obs0_rep1	obs0_rep0	5.385164807134504	6.324555320336759
A25_slice001_frame009	obs0_rep1	obs0_rep0	6.324555320336759	6.324555320336759
A32_slice004_frame029	obs0_rep1	obs0_rep0	6.708203932499369	7.0
A34_slice004_frame008	obs0_rep1	obs0_rep0	5.385164807134504	5.385164807134504
A23_slice004_frame011	obs0_rep1	obs0_rep0	4.242640687119285	5.830951894845301
A11_slice011_frame011	obs0_rep1	obs0_rep0	0.0	0.0
A46_slice010_frame009	obs0_rep1	obs0_rep0	11.40175425099138	11.40175425099138
A27_slice009_frame011	obs0_rep1	obs0_rep0	5.656854249492381	5.656854249492381
A15_slice008_frame028	obs0_rep1	obs0_rep0	5.0	6.324555320336759
A21_slice006_frame007	obs0_rep1	obs0_rep0	4.0	5.0
A24_slice002_frame028	obs0_rep1	obs0_rep0	5.0	6.324555320336759
A19_slice010_frame029	obs0_rep1	obs0_rep0	9.0	9.055385138137417
A22_slice012_frame027	obs0_rep1	obs0_rep0	8.54400374531753	11.40175425099138
A24_slice012_frame012	obs0_rep1	obs0_rep0	0.0	0.0
A29_slice010_frame010	obs0_rep1	obs0_rep0	5.830951894845301	8.06225774829855
A24_slice007_frame012	obs0_rep1	obs0_rep0	6.4031242374328485	6.708203932499369
A16_slice002_frame009	obs0_rep1	obs0_rep0	7.0710678118654755	7.0
A35_slice010_frame028	obs0_rep1	obs0_rep0	8.602325267042627	10.63014581273465
A24_slice002_frame012	obs0_rep1	obs0_rep0	7.0710678118654755	7.0710678118654755
A22_slice009_frame011	obs0_rep1	obs0_rep0	3.1622776601683795	5.0990195135927845
A45_slice002_frame010	obs0_rep1	obs0_rep0	7.0	12.083045973594572
A30_slice009_frame010	obs0_rep1	obs0_rep0	9.848857801796104	9.848857801796104
A30_slice009_frame027	obs0_rep1	obs0_rep0	5.0990195135927845	6.0
A26_slice011_frame028	obs0_rep1	obs0_rep0	5.0	5.0
A15_slice005_frame028	obs0_rep1	obs0_rep0	7.0710678118654755	6.708203932499369
A20_slice008_frame029	obs0_rep1	obs0_rep0	8.48528137423857	12.041594578792296
A32_slice007_frame009	obs0_rep1	obs0_rep0	11.180339887498949	11.180339887498949
A39_slice010_frame028	obs0_rep1	obs0_rep0	5.0	7.810249675906654
A19_slice001_frame029	obs0_rep1	obs0_rep0	3.0	10.0
A41_slice009_frame028	obs0_rep1	obs0_rep0	8.602325267042627	8.602325267042627
A21_slice002_frame025	obs0_rep1	obs0_rep0	3.605551275463989	7.211102550927978
A23_slice001_frame027	obs0_rep1	obs0_rep0	8.48528137423857	11.40175425099138
A42_slice000_frame007	obs0_rep1	obs0_rep0	0.0	10.44030650891055
A05_slice010_frame029	obs0_rep1	obs0_rep0	0.0	0.0
A26_slice003_frame009	obs0_rep1	obs0_rep0	6.0	12.0
A21_slice004_frame025	obs0_rep1	obs0_rep0	6.0	6.0
A07_slice003_frame009	obs0_rep1	obs0_rep0	10.0	9.848857801796104
A41_slice010_frame028	obs0_rep1	obs0_rep0	4.123105625617661	10.04987562112089
A09_slice003_frame008	obs0_rep1	obs0_rep0	6.708203932499369	6.708203932499369
A47_slice001_frame006	obs0_rep1	obs0_rep0	0.0	12.0
A47_slice002_frame029	obs0_rep1	obs0_rep0	7.615773105863909	11.0
A20_slice002_frame008	obs0_rep1	obs0_rep0	22.360679774997898	18.027756377319946
A21_slice001_frame025	obs0_rep1	obs0_rep0	4.47213595499958	4.123105625617661
A38_slice007_frame008	obs0_rep1	obs0_rep0	8.06225774829855	8.06225774829855
A10_slice003_frame000	obs0_rep1	obs0_rep0	7.0710678118654755	7.0710678118654755
A33_slice002_frame029	obs0_rep1	obs0_rep0	8.94427190999916	10.04987562112089
A40_slice013_frame028	obs0_rep1	obs0_rep0	0.0	0.0
A26_slice001_frame028	obs0_rep1	obs0_rep0	10.04987562112089	10.0
A10_slice010_frame009	obs0_rep1	obs0_rep0	5.0	4.47213595499958
A27_slice003_frame027	obs0_rep1	obs0_rep0	4.242640687119285	6.082762530298219
A35_slice010_frame009	obs0_rep1	obs0_rep0	7.0710678118654755	7.0710678118654755
A40_slice004_frame007	obs0_rep1	obs0_rep0	20.615528128088304	13.892443989449804
A45_slice012_frame029	obs0_rep1	obs0_rep0	9.433981132056603	9.219544457292887
A26_slice008_frame028	obs0_rep1	obs0_rep0	3.605551275463989	6.0
A16_slice007_frame009	obs0_rep1	obs0_rep0	9.848857801796104	9.848857801796104
A19_slice004_frame012	obs0_rep1	obs0_rep0	6.0	6.0
A18_slice007_frame027	obs0_rep1	obs0_rep0	7.615773105863909	9.055385138137417
A13_slice008_frame029	obs0_rep1	obs0_rep0	6.708203932499369	7.211102550927978
A29_slice011_frame028	obs0_rep1	obs0_rep0	6.4031242374328485	6.324555320336759
A28_slice010_frame027	obs0_rep1	obs0_rep0	4.123105625617661	4.123105625617661
A12_slice012_frame009	obs0_rep1	obs0_rep0	0.0	0.0
A46_slice011_frame009	obs0_rep1	obs0_rep0	4.47213595499958	8.0
A20_slice012_frame026	obs0_rep1	obs0_rep0	9.219544457292887	8.94427190999916
A37_slice000_frame029	obs0_rep1	obs0_rep0	3.605551275463989	3.605551275463989
A17_slice005_frame013	obs0_rep1	obs0_rep0	12.041594578792296	12.0
A15_slice010_frame008	obs0_rep1	obs0_rep0	5.0	12.529964086141668
A22_slice011_frame011	obs0_rep1	obs0_rep0	4.0	6.0
A10_slice012_frame009	obs0_rep1	obs0_rep0	6.324555320336759	6.324555320336759
A28_slice004_frame010	obs0_rep1	obs0_rep0	18.027756377319946	18.027756377319946
A13_slice000_frame029	obs0_rep1	obs0_rep0	10.770329614269007	9.899494936611665
A29_slice009_frame028	obs0_rep1	obs0_rep0	4.47213595499958	5.0
A06_slice001_frame009	obs0_rep1	obs0_rep0	7.211102550927978	12.36931687685298
A38_slice005_frame008	obs0_rep1	obs0_rep0	5.385164807134504	6.324555320336759
A44_slice000_frame009	obs0_rep1	obs0_rep0	0.0	5.385164807134504
A30_slice002_frame029	obs0_rep1	obs0_rep0	8.06225774829855	9.0
A11_slice002_frame028	obs0_rep1	obs0_rep0	5.0	5.0
A18_slice003_frame011	obs0_rep1	obs0_rep0	7.0710678118654755	8.54400374531753
A34_slice006_frame028	obs0_rep1	obs0_rep0	5.0	12.806248474865697
A40_slice010_frame007	obs0_rep1	obs0_rep0	7.810249675906654	7.615773105863909
A43_slice001_frame009	obs0_rep1	obs0_rep0	0.0	5.830951894845301
A43_slice002_frame029	obs0_rep1	obs0_rep0	5.0	7.0
A24_slice000_frame028	obs0_rep1	obs0_rep0	inf	20.591260281974
A25_slice001_frame028	obs0_rep1	obs0_rep0	6.324555320336759	6.324555320336759
A17_slice003_frame013	obs0_rep1	obs0_rep0	8.246211251235321	8.06225774829855
A27_slice007_frame027	obs0_rep1	obs0_rep0	5.0	5.830951894845301
A43_slice005_frame029	obs0_rep1	obs0_rep0	5.0	8.06225774829855
A38_slice012_frame008	obs0_rep1	obs0_rep0	0.0	0.0
A17_slice010_frame013	obs0_rep1	obs0_rep0	0.0	0.0
A47_slice012_frame006	obs0_rep1	obs0_rep0	0.0	0.0
A15_slice011_frame009	obs0_rep1	obs0_rep0	4.123105625617661	11.40175425099138
A06_slice010_frame029	obs0_rep1	obs0_rep0	2.23606797749979	8.06225774829855
A12_slice001_frame028	obs0_rep1	obs0_rep0	7.280109889280518	7.0710678118654755
A35_slice001_frame028	obs0_rep1	obs0_rep0	2.23606797749979	8.06225774829855
A29_slice005_frame028	obs0_rep1	obs0_rep0	6.708203932499369	9.486832980505138
A35_slice012_frame009	obs0_rep1	obs0_rep0	0.0	0.0
A38_slice002_frame028	obs0_rep1	obs0_rep0	6.708203932499369	6.708203932499369
A45_slice000_frame029	obs0_rep1	obs0_rep0	13.45362404707371	15.231546211727817
A22_slice011_frame027	obs0_rep1	obs0_rep0	4.242640687119285	8.48528137423857
A35_slice004_frame009	obs0_rep1	obs0_rep0	4.123105625617661	5.0
A26_slice009_frame028	obs0_rep1	obs0_rep0	3.605551275463989	7.280109889280518
A27_slice011_frame027	obs0_rep1	obs0_rep0	11.045361017187261	11.180339887498949
A10_slice008_frame009	obs0_rep1	obs0_rep0	5.0	5.0
A20_slice005_frame008	obs0_rep1	obs0_rep0	4.123105625617661	14.0
A28_slice007_frame027	obs0_rep1	obs0_rep0	4.123105625617661	9.219544457292887
A05_slice002_frame010	obs0_rep1	obs0_rep0	6.324555320336759	7.810249675906654
A20_slice007_frame026	obs0_rep1	obs0_rep0	6.082762530298219	6.0
A22_slice010_frame011	obs0_rep1	obs0_rep0	3.0	7.211102550927978
A43_slice004_frame029	obs0_rep1	obs0_rep0	5.0990195135927845	7.280109889280518
A29_slice012_frame010	obs0_rep1	obs0_rep0	4.0	4.123105625617661
A44_slice003_frame029	obs0_rep1	obs0_rep0	4.123105625617661	4.47213595499958
A46_slice008_frame029	obs0_rep1	obs0_rep0	5.385164807134504	8.48528137423857
A10_slice000_frame009	obs0_rep1	obs0_rep0	18.110770276274835	16.401219466856727
A15_slice000_frame008	obs0_rep1	obs0_rep0	10.63014581273465	11.704699910719626
A06_slice000_frame009	obs0_rep1	obs0_rep0	6.0	7.211102550927978
A19_slice012_frame029	obs0_rep1	obs0_rep0	0.0	0.0
A42_slice007_frame007	obs0_rep1	obs0_rep0	5.0	5.830951894845301
A47_slice002_frame006	obs0_rep1	obs0_rep0	7.0	9.0
A28_slice000_frame010	obs0_rep1	obs0_rep0	0.0	18.867962264113206
A42_slice004_frame027	obs0_rep1	obs0_rep0	5.0	8.54400374531753
A15_slice002_frame008	obs0_rep1	obs0_rep0	10.0	12.0
A32_slice006_frame029	obs0_rep1	obs0_rep0	9.219544457292887	9.219544457292887
A26_slice010_frame028	obs0_rep1	obs0_rep0	3.1622776601683795	5.0
A25_slice007_frame028	obs0_rep1	obs0_rep0	6.324555320336759	6.324555320336759
A42_slice005_frame027	obs0_rep1	obs0_rep0	6.708203932499369	6.708203932499369
A26_slice012_frame009	obs0_rep1	obs0_rep0	8.54400374531753	8.54400374531753
A45_slice004_frame029	obs0_rep1	obs0_rep0	7.0710678118654755	7.615773105863909
A34_slice007_frame028	obs0_rep1	obs0_rep0	7.211102550927978	10.770329614269007
A18_slice013_frame027	obs0_rep1	obs0_rep0	0.0	0.0
A30_slice007_frame010	obs0_rep1	obs0_rep0	5.0	6.0
A46_slice010_frame029	obs0_rep1	obs0_rep0	13.45362404707371	13.416407864998739
A19_slice002_frame012	obs0_rep1	obs0_rep0	9.219544457292887	9.219544457292887
A11_slice009_frame028	obs0_rep1	obs0_rep0	11.313708498984761	11.313708498984761
A26_slice007_frame009	obs0_rep1	obs0_rep0	4.123105625617661	6.0
A36_slice011_frame010	obs0_rep1	obs0_rep0	0.0	0.0
A06_slice010_frame009	obs0_rep1	obs0_rep0	3.1622776601683795	9.848857801796104
A38_slice002_frame008	obs0_rep1	obs0_rep0	3.1622776601683795	5.385164807134504
A19_slice009_frame029	obs0_rep1	obs0_rep0	6.4031242374328485	7.615773105863909
A35_slice000_frame028	obs0_rep1	obs0_rep0	12.529964086141668	15.264337522473747
A23_slice006_frame011	obs0_rep1	obs0_rep0	6.0	6.324555320336759
A23_slice006_frame027	obs0_rep1	obs0_rep0	4.47213595499958	4.47213595499958
A40_slice013_frame007	obs0_rep1	obs0_rep0	0.0	0.0
A41_slice002_frame010	obs0_rep1	obs0_rep0	0.0	15.0
A25_slice008_frame028	obs0_rep1	obs0_rep0	6.4031242374328485	6.324555320336759
A29_slice009_frame010	obs0_rep1	obs0_rep0	3.1622776601683795	3.1622776601683795
A35_slice006_frame009	obs0_rep1	obs0_rep0	2.8284271247461903	3.0
A26_slice002_frame009	obs0_rep1	obs0_rep0	6.324555320336759	6.324555320336759
A41_slice011_frame028	obs0_rep1	obs0_rep0	4.123105625617661	5.0
A15_slice003_frame028	obs0_rep1	obs0_rep0	8.06225774829855	8.0
A10_slice006_frame009	obs0_rep1	obs0_rep0	9.219544457292887	9.219544457292887
A15_slice007_frame008	obs0_rep1	obs0_rep0	13.038404810405298	13.45362404707371
A35_slice011_frame028	obs0_rep1	obs0_rep0	0.0	0.0
A09_slice010_frame008	obs0_rep1	obs0_rep0	7.0710678118654755	7.0710678118654755
A15_slice004_frame008	obs0_rep1	obs0_rep0	6.0	9.848857801796104
A29_slice007_frame028	obs0_rep1	obs0_rep0	4.123105625617661	4.47213595499958
A36_slice008_frame010	obs0_rep1	obs0_rep0	8.06225774829855	8.06225774829855
A07_slice009_frame009	obs0_rep1	obs0_rep0	6.082762530298219	14.035668847618199
A30_slice013_frame029	obs0_rep1	obs0_rep0	0.0	0.0
A36_slice008_frame000	obs0_rep1	obs0_rep0	13.416407864998739	21.0
A47_slice011_frame006	obs0_rep1	obs0_rep0	4.0	4.242640687119285
A15_slice000_frame009	obs0_rep1	obs0_rep0	12.36931687685298	12.36931687685298
A29_slice014_frame028	obs0_rep1	obs0_rep0	0.0	0.0
A06_slice009_frame029	obs0_rep1	obs0_rep0	4.47213595499958	5.0990195135927845
A12_slice005_frame028	obs0_rep1	obs0_rep0	5.0	5.0
A06_slice005_frame009	obs0_rep1	obs0_rep0	6.708203932499369	7.0710678118654755
A18_slice001_frame011	obs0_rep1	obs0_rep0	inf	12.529964086141668
A17_slice010_frame028	obs0_rep1	obs0_rep0	0.0	0.0
A46_slice001_frame009	obs0_rep1	obs0_rep0	8.602325267042627	12.083045973594572
A09_slice010_frame029	obs0_rep1	obs0_rep0	5.385164807134504	6.4031242374328485
A15_slice009_frame008	obs0_rep1	obs0_rep0	4.123105625617661	6.0
A12_slice004_frame028	obs0_rep1	obs0_rep0	7.211102550927978	7.211102550927978
A42_slice011_frame027	obs0_rep1	obs0_rep0	0.0	0.0
A19_slice010_frame012	obs0_rep1	obs0_rep0	5.0	5.0
A11_slice012_frame028	obs0_rep1	obs0_rep0	0.0	0.0
A47_slice000_frame029	obs0_rep1	obs0_rep0	0.0	5.0
A06_slice006_frame009	obs0_rep1	obs0_rep0	6.082762530298219	6.082762530298219
A47_slice013_frame029	obs0_rep1	obs0_rep0	0.0	0.0
A21_slice000_frame007	obs0_rep1	obs0_rep0	0.0	0.0
A21_slice002_frame007	obs0_rep1	obs0_rep0	11.045361017187261	10.770329614269007
A19_slice009_frame012	obs0_rep1	obs0_rep0	5.0	5.0
A06_slice007_frame009	obs0_rep1	obs0_rep0	4.0	4.0
A22_slice013_frame027	obs0_rep1	obs0_rep0	0.0	0.0
A29_slice002_frame028	obs0_rep1	obs0_rep0	5.656854249492381	11.0
A43_slice000_frame029	obs0_rep1	obs0_rep0	0.0	0.0
A16_slice001_frame009	obs0_rep1	obs0_rep0	5.385164807134504	6.0
A16_slice011_frame026	obs0_rep1	obs0_rep0	0.0	0.0
A18_slice006_frame011	obs0_rep1	obs0_rep0	8.48528137423857	14.866068747318506
A34_slice002_frame008	obs0_rep1	obs0_rep0	8.06225774829855	7.810249675906654
A38_slice001_frame028	obs0_rep1	obs0_rep0	5.0	5.0
A43_slice009_frame009	obs0_rep1	obs0_rep0	4.242640687119285	4.242640687119285
A05_slice003_frame010	obs0_rep1	obs0_rep0	5.385164807134504	6.324555320336759
A17_slice006_frame028	obs0_rep1	obs0_rep0	6.0	6.0
A46_slice013_frame029	obs0_rep1	obs0_rep0	0.0	0.0
A05_slice000_frame010	obs0_rep1	obs0_rep0	8.94427190999916	9.848857801796104
A30_slice003_frame027	obs0_rep1	obs0_rep0	5.0	6.0
A41_slice009_frame010	obs0_rep1	obs0_rep0	7.0710678118654755	7.0710678118654755
A21_slice010_frame025	obs0_rep1	obs0_rep0	5.0	6.082762530298219
A17_slice012_frame028	obs0_rep1	obs0_rep0	0.0	0.0
A45_slice011_frame010	obs0_rep1	obs0_rep0	3.0	15.811388300841896
A23_slice011_frame027	obs0_rep1	obs0_rep0	0.0	0.0
A18_slice005_frame011	obs0_rep1	obs0_rep0	5.0	11.704699910719626
A28_slice011_frame027	obs0_rep1	obs0_rep0	5.0990195135927845	8.246211251235321
A21_slice005_frame025	obs0_rep1	obs0_rep0	3.605551275463989	5.830951894845301
A10_slice011_frame009	obs0_rep1	obs0_rep0	5.385164807134504	5.0990195135927845
A39_slice005_frame008	obs0_rep1	obs0_rep0	5.0	6.324555320336759
A11_slice003_frame011	obs0_rep1	obs0_rep0	7.615773105863909	11.045361017187261
A40_slice001_frame028	obs0_rep1	obs0_rep0	5.385164807134504	5.385164807134504
A32_slice010_frame029	obs0_rep1	obs0_rep0	0.0	0.0
A06_slice000_frame029	obs0_rep1	obs0_rep0	10.295630140987	10.0
A33_slice011_frame009	obs0_rep1	obs0_rep0	0.0	0.0
A46_slice013_frame009	obs0_rep1	obs0_rep0	0.0	0.0
A47_slice007_frame006	obs0_rep1	obs0_rep0	13.038404810405298	12.36931687685298
A35_slice004_frame028	obs0_rep1	obs0_rep0	8.94427190999916	8.94427190999916
A36_slice000_frame010	obs0_rep1	obs0_rep0	0.0	6.324555320336759
A27_slice012_frame011	obs0_rep1	obs0_rep0	13.892443989449804	13.892443989449804
A20_slice002_frame029	obs0_rep1	obs0_rep0	9.848857801796104	9.848857801796104
A09_slice009_frame029	obs0_rep1	obs0_rep0	3.1622776601683795	11.40175425099138
A40_slice002_frame028	obs0_rep1	obs0_rep0	3.0	4.242640687119285
A26_slice004_frame028	obs0_rep1	obs0_rep0	5.385164807134504	5.385164807134504
A45_slice011_frame029	obs0_rep1	obs0_rep0	4.123105625617661	4.123105625617661
A13_slice008_frame010	obs0_rep1	obs0_rep0	6.4031242374328485	11.40175425099138
A06_slice004_frame009	obs0_rep1	obs0_rep0	3.1622776601683795	4.47213595499958
A37_slice009_frame029	obs0_rep1	obs0_rep0	13.45362404707371	13.0
A09_slice005_frame029	obs0_rep1	obs0_rep0	3.0	6.0
A44_slice002_frame029	obs0_rep1	obs0_rep0	7.0710678118654755	7.0
A27_slice013_frame027	obs0_rep1	obs0_rep0	0.0	0.0
A16_slice009_frame026	obs0_rep1	obs0_rep0	12.727922061357855	12.806248474865697
A12_slice010_frame009	obs0_rep1	obs0_rep0	6.0	7.0
A37_slice002_frame029	obs0_rep1	obs0_rep0	11.0	10.295630140987
A26_slice010_frame009	obs0_rep1	obs0_rep0	8.06225774829855	8.06225774829855
A39_slice001_frame028	obs0_rep1	obs0_rep0	0.0	10.04987562112089
A39_slice007_frame008	obs0_rep1	obs0_rep0	5.830951894845301	6.4031242374328485
A32_slice011_frame009	obs0_rep1	obs0_rep0	0.0	0.0
A12_slice000_frame028	obs0_rep1	obs0_rep0	inf	17.0
A20_slice003_frame026	obs0_rep1	obs0_rep0	6.324555320336759	5.830951894845301
A33_slice011_frame029	obs0_rep1	obs0_rep0	0.0	0.0
A32_slice000_frame009	obs0_rep1	obs0_rep0	0.0	4.123105625617661
A46_slice007_frame029	obs0_rep1	obs0_rep0	5.656854249492381	7.0710678118654755
A47_slice009_frame006	obs0_rep1	obs0_rep0	8.06225774829855	8.0
A28_slice003_frame027	obs0_rep1	obs0_rep0	9.0	8.54400374531753
A05_slice000_frame029	obs0_rep1	obs0_rep0	9.219544457292887	9.219544457292887
A33_slice006_frame029	obs0_rep1	obs0_rep0	4.47213595499958	10.44030650891055
A43_slice000_frame009	obs0_rep1	obs0_rep0	0.0	0.0
A41_slice005_frame010	obs0_rep1	obs0_rep0	10.63014581273465	10.295630140987
A18_slice008_frame027	obs0_rep1	obs0_rep0	3.0	10.295630140987
A44_slice002_frame009	obs0_rep1	obs0_rep0	5.0	5.0
A30_slice005_frame010	obs0_rep1	obs0_rep0	5.0	6.708203932499369
A09_slice003_frame029	obs0_rep1	obs0_rep0	6.708203932499369	6.708203932499369
A16_slice010_frame009	obs0_rep1	obs0_rep0	5.830951894845301	5.830951894845301
A16_slice004_frame026	obs0_rep1	obs0_rep0	6.708203932499369	6.708203932499369
A23_slice013_frame011	obs0_rep1	obs0_rep0	0.0	0.0
A16_slice006_frame009	obs0_rep1	obs0_rep0	6.324555320336759	7.615773105863909
A21_slice008_frame007	obs0_rep1	obs0_rep0	5.830951894845301	6.0
A11_slice008_frame011	obs0_rep1	obs0_rep0	5.385164807134504	5.385164807134504
A35_slice009_frame028	obs0_rep1	obs0_rep0	9.219544457292887	14.866068747318506
A22_slice003_frame011	obs0_rep1	obs0_rep0	8.602325267042627	8.94427190999916
A10_slice008_frame000	obs0_rep1	obs0_rep0	5.0	7.211102550927978
A26_slice013_frame009	obs0_rep1	obs0_rep0	0.0	0.0
A45_slice013_frame029	obs0_rep1	obs0_rep0	0.0	0.0
A18_slice004_frame011	obs0_rep1	obs0_rep0	4.123105625617661	16.278820596099706
A18_slice009_frame027	obs0_rep1	obs0_rep0	8.94427190999916	9.219544457292887
A43_slice006_frame029	obs0_rep1	obs0_rep0	3.605551275463989	4.123105625617661
A09_slice000_frame029	obs0_rep1	obs0_rep0	7.0	7.0
A11_slice006_frame011	obs0_rep1	obs0_rep0	3.605551275463989	5.0990195135927845
A30_slice001_frame010	obs0_rep1	obs0_rep0	10.295630140987	11.180339887498949
A16_slice009_frame009	obs0_rep1	obs0_rep0	12.041594578792296	11.704699910719626
A38_slice001_frame008	obs0_rep1	obs0_rep0	6.0	9.219544457292887
A37_slice007_frame029	obs0_rep1	obs0_rep0	7.615773105863909	8.48528137423857
A38_slice004_frame008	obs0_rep1	obs0_rep0	5.0	5.830951894845301
A15_slice010_frame027	obs0_rep1	obs0_rep0	15.297058540778355	15.0
A39_slice003_frame008	obs0_rep1	obs0_rep0	inf	12.806248474865697
A24_slice000_frame012	obs0_rep1	obs0_rep0	0.0	7.0710678118654755
A34_slice001_frame028	obs0_rep1	obs0_rep0	3.1622776601683795	5.385164807134504
A12_slice006_frame009	obs0_rep1	obs0_rep0	3.605551275463989	8.94427190999916
A19_slice001_frame012	obs0_rep1	obs0_rep0	inf	9.433981132056603
A37_slice010_frame029	obs0_rep1	obs0_rep0	5.0	7.615773105863909
A30_slice002_frame027	obs0_rep1	obs0_rep0	6.708203932499369	8.602325267042627
A30_slice004_frame010	obs0_rep1	obs0_rep0	4.123105625617661	7.0
A30_slice012_frame027	obs0_rep1	obs0_rep0	0.0	0.0
A06_slice008_frame009	obs0_rep1	obs0_rep0	4.47213595499958	4.47213595499958
A21_slice006_frame025	obs0_rep1	obs0_rep0	4.47213595499958	4.47213595499958
A24_slice011_frame028	obs0_rep1	obs0_rep0	5.385164807134504	6.082762530298219
A17_slice000_frame028	obs0_rep1	obs0_rep0	0.0	0.0
A43_slice006_frame009	obs0_rep1	obs0_rep0	3.1622776601683795	5.0
A10_slice002_frame009	obs0_rep1	obs0_rep0	12.083045973594572	15.811388300841896
A13_slice012_frame010	obs0_rep1	obs0_rep0	5.385164807134504	9.219544457292887
A13_slice015_frame029	obs0_rep1	obs0_rep0	0.0	0.0
A26_slice008_frame009	obs0_rep1	obs0_rep0	4.47213595499958	5.0
A27_slice013_frame011	obs0_rep1	obs0_rep0	0.0	0.0
A25_slice009_frame028	obs0_rep1	obs0_rep0	7.0710678118654755	7.0710678118654755
A40_slice003_frame028	obs0_rep1	obs0_rep0	7.0	5.830951894845301
A16_slice006_frame026	obs0_rep1	obs0_rep0	7.810249675906654	8.06225774829855
A20_slice009_frame026	obs0_rep1	obs0_rep0	5.0	7.615773105863909
A47_slice004_frame006	obs0_rep1	obs0_rep0	6.4031242374328485	9.899494936611665
A09_slice008_frame008	obs0_rep1	obs0_rep0	3.605551275463989	4.242640687119285
A29_slice013_frame010	obs0_rep1	obs0_rep0	0.0	0.0
A32_slice011_frame029	obs0_rep1	obs0_rep0	0.0	0.0
A24_slice012_frame028	obs0_rep1	obs0_rep0	0.0	0.0
A47_slice007_frame029	obs0_rep1	obs0_rep0	6.0	13.92838827718412
A44_slice008_frame009	obs0_rep1	obs0_rep0	4.47213595499958	10.63014581273465
A45_slice007_frame029	obs0_rep1	obs0_rep0	7.810249675906654	7.810249675906654
A43_slice007_frame009	obs0_rep1	obs0_rep0	4.0	9.848857801796104
A12_slice000_frame009	obs0_rep1	obs0_rep0	inf	16.401219466856727
A20_slice005_frame026	obs0_rep1	obs0_rep0	4.123105625617661	5.385164807134504
A21_slice000_frame025	obs0_rep1	obs0_rep0	0.0	0.0
A41_slice006_frame010	obs0_rep1	obs0_rep0	13.0	13.0
A32_slice005_frame029	obs0_rep1	obs0_rep0	5.0	6.708203932499369
A23_slice001_frame011	obs0_rep1	obs0_rep0	15.264337522473747	13.45362404707371
A23_slice012_frame011	obs0_rep1	obs0_rep0	0.0	0.0
A09_slice001_frame008	obs0_rep1	obs0_rep0	4.47213595499958	7.615773105863909
A18_slice000_frame027	obs0_rep1	obs0_rep0	0.0	0.0
A27_slice012_frame027	obs0_rep1	obs0_rep0	7.0710678118654755	8.0
A30_slice011_frame010	obs0_rep1	obs0_rep0	7.280109889280518	10.295630140987
A36_slice001_frame010	obs0_rep1	obs0_rep0	7.0710678118654755	8.246211251235321
A23_slice000_frame011	obs0_rep1	obs0_rep0	0.0	0.0
A28_slice009_frame010	obs0_rep1	obs0_rep0	5.0	5.0
A40_slice006_frame007	obs0_rep1	obs0_rep0	8.06225774829855	7.615773105863909
A42_slice012_frame007	obs0_rep1	obs0_rep0	0.0	0.0
A06_slice009_frame009	obs0_rep1	obs0_rep0	4.0	6.4031242374328485
A19_slice007_frame029	obs0_rep1	obs0_rep0	2.0	5.0
A46_slice000_frame029	obs0_rep1	obs0_rep0	12.0	14.0
A37_slice011_frame029	obs0_rep1	obs0_rep0	0.0	0.0
A06_slice002_frame009	obs0_rep1	obs0_rep0	8.94427190999916	8.94427190999916
A07_slice008_frame028	obs0_rep1	obs0_rep0	8.0	8.0
A27_slice006_frame011	obs0_rep1	obs0_rep0	7.0710678118654755	9.433981132056603
A39_slice009_frame028	obs0_rep1	obs0_rep0	11.40175425099138	11.40175425099138
A07_slice006_frame009	obs0_rep1	obs0_rep0	5.0	5.656854249492381
A20_slice009_frame029	obs0_rep1	obs0_rep0	5.0	6.082762530298219
A23_slice007_frame027	obs0_rep1	obs0_rep0	3.605551275463989	4.123105625617661
A11_slice005_frame011	obs0_rep1	obs0_rep0	5.0	5.0
A21_slice011_frame025	obs0_rep1	obs0_rep0	4.0	5.0
A41_slice012_frame028	obs0_rep1	obs0_rep0	0.0	0.0
A38_slice006_frame028	obs0_rep1	obs0_rep0	3.1622776601683795	4.123105625617661
A45_slice009_frame010	obs0_rep1	obs0_rep0	4.242640687119285	5.385164807134504
A11_slice003_frame028	obs0_rep1	obs0_rep0	7.280109889280518	7.0
A27_slice004_frame011	obs0_rep1	obs0_rep0	8.54400374531753	8.54400374531753
A36_slice004_frame000	obs0_rep1	obs0_rep0	4.47213595499958	4.47213595499958
A27_slice010_frame011	obs0_rep1	obs0_rep0	5.385164807134504	5.385164807134504
A29_slice001_frame028	obs0_rep1	obs0_rep0	6.082762530298219	6.082762530298219
A37_slice003_frame029	obs0_rep1	obs0_rep0	3.605551275463989	9.899494936611665
A20_slice007_frame029	obs0_rep1	obs0_rep0	6.082762530298219	7.810249675906654
A45_slice010_frame029	obs0_rep1	obs0_rep0	5.0	12.529964086141668
A20_slice012_frame008	obs0_rep1	obs0_rep0	4.0	9.899494936611665
A29_slice014_frame010	obs0_rep1	obs0_rep0	0.0	0.0
A46_slice000_frame009	obs0_rep1	obs0_rep0	0.0	10.63014581273465
A46_slice009_frame009	obs0_rep1	obs0_rep0	17.4928556845359	16.492422502470642
A19_slice005_frame029	obs0_rep1	obs0_rep0	4.47213595499958	6.324555320336759
A28_slice008_frame010	obs0_rep1	obs0_rep0	2.8284271247461903	7.0710678118654755
A37_slice009_frame008	obs0_rep1	obs0_rep0	3.0	5.830951894845301
A07_slice006_frame028	obs0_rep1	obs0_rep0	6.0	5.385164807134504
A13_slice012_frame029	obs0_rep1	obs0_rep0	7.280109889280518	7.0710678118654755
A20_slice010_frame026	obs0_rep1	obs0_rep0	3.0	5.0990195135927845
A42_slice001_frame027	obs0_rep1	obs0_rep0	7.0	6.4031242374328485
A43_slice001_frame029	obs0_rep1	obs0_rep0	inf	14.317821063276353
A35_slice006_frame028	obs0_rep1	obs0_rep0	6.324555320336759	6.324555320336759
A42_slice007_frame027	obs0_rep1	obs0_rep0	4.47213595499958	6.708203932499369
A21_slice005_frame007	obs0_rep1	obs0_rep0	5.656854249492381	6.082762530298219
A13_slice011_frame029	obs0_rep1	obs0_rep0	4.123105625617661	10.198039027185569
A32_slice009_frame029	obs0_rep1	obs0_rep0	0.0	0.0
A44_slice012_frame029	obs0_rep1	obs0_rep0	0.0	0.0
A45_slice014_frame029	obs0_rep1	obs0_rep0	0.0	0.0
A18_slice002_frame011	obs0_rep1	obs0_rep0	11.661903789690601	10.770329614269007
A39_slice008_frame028	obs0_rep1	obs0_rep0	4.47213595499958	8.06225774829855
A12_slice001_frame009	obs0_rep1	obs0_rep0	11.704699910719626	23.345235059857504
A21_slice012_frame025	obs0_rep1	obs0_rep0	0.0	0.0
A25_slice010_frame028	obs0_rep1	obs0_rep0	8.94427190999916	8.94427190999916
A23_slice009_frame027	obs0_rep1	obs0_rep0	5.0	5.385164807134504
A42_slice012_frame027	obs0_rep1	obs0_rep0	0.0	0.0
A13_slice014_frame010	obs0_rep1	obs0_rep0	0.0	0.0
A05_slice004_frame029	obs0_rep1	obs0_rep0	4.242640687119285	5.0
A09_slice008_frame029	obs0_rep1	obs0_rep0	4.242640687119285	7.0710678118654755
A30_slice011_frame027	obs0_rep1	obs0_rep0	5.0	5.0990195135927845
A09_slice004_frame008	obs0_rep1	obs0_rep0	6.0	7.0710678118654755
A11_slice001_frame028	obs0_rep1	obs0_rep0	43.56604182158393	32.69556544854363
A23_slice013_frame027	obs0_rep1	obs0_rep0	0.0	0.0
A06_slice008_frame029	obs0_rep1	obs0_rep0	4.47213595499958	4.47213595499958
A20_slice001_frame008	obs0_rep1	obs0_rep0	0.0	0.0
A28_slice004_frame027	obs0_rep1	obs0_rep0	9.486832980505138	9.486832980505138
A47_slice001_frame029	obs0_rep1	obs0_rep0	14.0	18.027756377319946
A39_slice003_frame028	obs0_rep1	obs0_rep0	6.0	8.94427190999916
A40_slice009_frame007	obs0_rep1	obs0_rep0	6.324555320336759	6.324555320336759
A36_slice002_frame010	obs0_rep1	obs0_rep0	9.219544457292887	8.48528137423857
A32_slice000_frame029	obs0_rep1	obs0_rep0	5.0	6.082762530298219
A12_slice002_frame009	obs0_rep1	obs0_rep0	9.848857801796104	14.317821063276353
A18_slice009_frame011	obs0_rep1	obs0_rep0	17.804493814764857	17.69180601295413
A23_slice010_frame011	obs0_rep1	obs0_rep0	4.242640687119285	4.242640687119285
A39_slice011_frame008	obs0_rep1	obs0_rep0	0.0	0.0
A44_slice005_frame029	obs0_rep1	obs0_rep0	4.47213595499958	8.48528137423857
A46_slice006_frame029	obs0_rep1	obs0_rep0	4.47213595499958	6.708203932499369
A05_slice008_frame029	obs0_rep1	obs0_rep0	7.615773105863909	7.615773105863909
A25_slice004_frame028	obs0_rep1	obs0_rep0	12.727922061357855	14.422205101855956
A19_slice006_frame029	obs0_rep1	obs0_rep0	3.0	4.47213595499958
A47_slice005_frame029	obs0_rep1	obs0_rep0	13.038404810405298	13.038404810405298
A13_slice004_frame010	obs0_rep1	obs0_rep0	9.0	9.0
A38_slice006_frame008	obs0_rep1	obs0_rep0	6.0	9.219544457292887
A06_slice006_frame029	obs0_rep1	obs0_rep0	4.47213595499958	8.0
A22_slice012_frame011	obs0_rep1	obs0_rep0	3.1622776601683795	4.47213595499958
A07_slice009_frame028	obs0_rep1	obs0_rep0	5.0	6.0
A18_slice010_frame011	obs0_rep1	obs0_rep0	5.0	8.602325267042627
A27_slice008_frame027	obs0_rep1	obs0_rep0	5.0	7.615773105863909
A29_slice006_frame010	obs0_rep1	obs0_rep0	11.180339887498949	11.045361017187261
A36_slice003_frame010	obs0_rep1	obs0_rep0	14.7648230602334	13.92838827718412
A38_slice010_frame008	obs0_rep1	obs0_rep0	8.246211251235321	8.246211251235321
A24_slice004_frame012	obs0_rep1	obs0_rep0	5.830951894845301	8.06225774829855
A16_slice008_frame026	obs0_rep1	obs0_rep0	5.656854249492381	11.180339887498949
A21_slice009_frame025	obs0_rep1	obs0_rep0	4.123105625617661	4.123105625617661
A15_slice010_frame009	obs0_rep1	obs0_rep0	7.810249675906654	13.601470508735444
A12_slice005_frame009	obs0_rep1	obs0_rep0	2.8284271247461903	10.295630140987
A29_slice004_frame028	obs0_rep1	obs0_rep0	6.0	8.94427190999916
A32_slice003_frame029	obs0_rep1	obs0_rep0	2.8284271247461903	5.0
A11_slice004_frame011	obs0_rep1	obs0_rep0	4.242640687119285	11.0
A10_slice005_frame009	obs0_rep1	obs0_rep0	5.830951894845301	6.082762530298219
A30_slice000_frame027	obs0_rep1	obs0_rep0	5.0	9.219544457292887
A33_slice001_frame029	obs0_rep1	obs0_rep0	5.385164807134504	5.385164807134504
A20_slice008_frame026	obs0_rep1	obs0_rep0	5.385164807134504	5.385164807134504
A17_slice000_frame013	obs0_rep1	obs0_rep0	0.0	0.0
A09_slice009_frame008	obs0_rep1	obs0_rep0	7.280109889280518	7.280109889280518
A46_slice002_frame009	obs0_rep1	obs0_rep0	11.40175425099138	15.0
A07_slice010_frame028	obs0_rep1	obs0_rep0	inf	inf
A22_slice000_frame027	obs0_rep1	obs0_rep0	0.0	0.0
A39_slice002_frame028	obs0_rep1	obs0_rep0	7.280109889280518	10.63014581273465
A22_slice006_frame027	obs0_rep1	obs0_rep0	7.0710678118654755	8.0
A39_slice012_frame028	obs0_rep1	obs0_rep0	0.0	0.0
A12_slice012_frame028	obs0_rep1	obs0_rep0	0.0	0.0
A17_slice008_frame013	obs0_rep1	obs0_rep0	12.041594578792296	11.661903789690601
A29_slice005_frame010	obs0_rep1	obs0_rep0	5.0	5.0
A06_slice003_frame009	obs0_rep1	obs0_rep0	4.242640687119285	7.615773105863909
A25_slice004_frame009	obs0_rep1	obs0_rep0	5.0	7.0710678118654755
A37_slice006_frame008	obs0_rep1	obs0_rep0	7.0710678118654755	7.0710678118654755
A45_slice008_frame029	obs0_rep1	obs0_rep0	5.385164807134504	8.54400374531753
A37_slice004_frame029	obs0_rep1	obs0_rep0	6.324555320336759	8.0
A29_slice008_frame010	obs0_rep1	obs0_rep0	5.656854249492381	5.656854249492381
A22_slice004_frame011	obs0_rep1	obs0_rep0	7.810249675906654	7.810249675906654
A39_slice001_frame008	obs0_rep1	obs0_rep0	0.0	12.649110640673518
A34_slice000_frame028	obs0_rep1	obs0_rep0	5.0	5.830951894845301
A33_slice010_frame029	obs0_rep1	obs0_rep0	4.123105625617661	4.123105625617661
A22_slice009_frame027	obs0_rep1	obs0_rep0	4.242640687119285	8.94427190999916
A29_slice001_frame010	obs0_rep1	obs0_rep0	10.770329614269007	10.63014581273465
A35_slice003_frame009	obs0_rep1	obs0_rep0	8.246211251235321	8.246211251235321
A07_slice005_frame028	obs0_rep1	obs0_rep0	3.605551275463989	6.324555320336759
A11_slice007_frame028	obs0_rep1	obs0_rep0	7.810249675906654	8.0
A43_slice011_frame009	obs0_rep1	obs0_rep0	10.63014581273465	10.816653826391969
A42_slice010_frame027	obs0_rep1	obs0_rep0	4.123105625617661	6.082762530298219
A15_slice005_frame009	obs0_rep1	obs0_rep0	11.0	11.0
A45_slice002_frame029	obs0_rep1	obs0_rep0	11.704699910719626	11.661903789690601
A39_slice007_frame028	obs0_rep1	obs0_rep0	5.830951894845301	15.811388300841896
A22_slice007_frame011	obs0_rep1	obs0_rep0	5.0	5.0990195135927845
A20_slice008_frame008	obs0_rep1	obs0_rep0	5.830951894845301	5.656854249492381
A11_slice012_frame011	obs0_rep1	obs0_rep0	0.0	0.0
A24_slice005_frame028	obs0_rep1	obs0_rep0	7.615773105863909	7.810249675906654
A23_slice003_frame011	obs0_rep1	obs0_rep0	5.0	8.54400374531753
A23_slice009_frame011	obs0_rep1	obs0_rep0	8.94427190999916	8.94427190999916
A30_slice010_frame027	obs0_rep1	obs0_rep0	5.0	7.0
A30_slice013_frame010	obs0_rep1	obs0_rep0	0.0	0.0
A30_slice007_frame027	obs0_rep1	obs0_rep0	6.708203932499369	7.0
A37_slice004_frame008	obs0_rep1	obs0_rep0	6.324555320336759	6.324555320336759
A29_slice006_frame028	obs0_rep1	obs0_rep0	7.211102550927978	7.615773105863909
A09_slice002_frame008	obs0_rep1	obs0_rep0	9.433981132056603	9.219544457292887
A09_slice006_frame008	obs0_rep1	obs0_rep0	8.246211251235321	9.219544457292887
A15_slice001_frame009	obs0_rep1	obs0_rep0	14.212670403551895	14.142135623730951
A19_slice012_frame012	obs0_rep1	obs0_rep0	0.0	0.0
A13_slice003_frame029	obs0_rep1	obs0_rep0	6.0	6.0
A17_slice009_frame028	obs0_rep1	obs0_rep0	6.324555320336759	10.295630140987
A28_slice003_frame010	obs0_rep1	obs0_rep0	9.899494936611665	9.899494936611665
A12_slice003_frame028	obs0_rep1	obs0_rep0	8.0	8.0
A37_slice000_frame008	obs0_rep1	obs0_rep0	0.0	12.806248474865697
A19_slice005_frame012	obs0_rep1	obs0_rep0	2.23606797749979	6.0
A16_slice012_frame009	obs0_rep1	obs0_rep0	0.0	0.0
A44_slice011_frame009	obs0_rep1	obs0_rep0	3.605551275463989	14.560219778561036
A47_slice008_frame029	obs0_rep1	obs0_rep0	3.605551275463989	5.0
A37_slice002_frame008	obs0_rep1	obs0_rep0	4.47213595499958	4.242640687119285
A47_slice009_frame029	obs0_rep1	obs0_rep0	5.656854249492381	6.324555320336759
A16_slice005_frame009	obs0_rep1	obs0_rep0	9.0	8.602325267042627
A20_slice003_frame029	obs0_rep1	obs0_rep0	9.848857801796104	9.848857801796104
A25_slice000_frame028	obs0_rep1	obs0_rep0	0.0	0.0
A35_slice003_frame028	obs0_rep1	obs0_rep0	5.656854249492381	5.656854249492381
A23_slice008_frame011	obs0_rep1	obs0_rep0	9.899494936611665	9.848857801796104
A39_slice008_frame008	obs0_rep1	obs0_rep0	2.23606797749979	6.4031242374328485
A13_slice010_frame029	obs0_rep1	obs0_rep0	4.123105625617661	9.848857801796104
A15_slice003_frame008	obs0_rep1	obs0_rep0	8.06225774829855	16.97056274847714
A36_slice011_frame000	obs0_rep1	obs0_rep0	0.0	0.0
A46_slice006_frame009	obs0_rep1	obs0_rep0	10.0	9.899494936611665
A23_slice003_frame027	obs0_rep1	obs0_rep0	6.0	6.0
A32_slice008_frame009	obs0_rep1	obs0_rep0	5.830951894845301	5.830951894845301
A27_slice004_frame027	obs0_rep1	obs0_rep0	5.0	5.0
A30_slice008_frame029	obs0_rep1	obs0_rep0	5.830951894845301	5.830951894845301
A11_slice002_frame011	obs0_rep1	obs0_rep0	7.0710678118654755	11.180339887498949
A26_slice003_frame028	obs0_rep1	obs0_rep0	7.211102550927978	7.211102550927978
A24_slice006_frame012	obs0_rep1	obs0_rep0	5.0990195135927845	8.06225774829855
A33_slice007_frame029	obs0_rep1	obs0_rep0	3.0	9.219544457292887
A06_slice007_frame029	obs0_rep1	obs0_rep0	6.082762530298219	6.082762530298219
A33_slice001_frame009	obs0_rep1	obs0_rep0	0.0	12.529964086141668
A20_slice000_frame026	obs0_rep1	obs0_rep0	0.0	0.0
A09_slice002_frame029	obs0_rep1	obs0_rep0	5.0	6.708203932499369
A46_slice012_frame029	obs0_rep1	obs0_rep0	11.045361017187261	15.231546211727817
A39_slice000_frame028	obs0_rep1	obs0_rep0	0.0	9.0
A41_slice001_frame010	obs0_rep1	obs0_rep0	0.0	21.2602916254693
A36_slice007_frame010	obs0_rep1	obs0_rep0	3.0	5.0990195135927845
A29_slice008_frame028	obs0_rep1	obs0_rep0	3.0	7.0710678118654755
A17_slice011_frame013	obs0_rep1	obs0_rep0	0.0	0.0
A29_slice010_frame028	obs0_rep1	obs0_rep0	4.0	4.123105625617661
A10_slice000_frame000	obs0_rep1	obs0_rep0	5.0	8.246211251235321
A30_slice010_frame010	obs0_rep1	obs0_rep0	4.47213595499958	4.47213595499958
A46_slice003_frame009	obs0_rep1	obs0_rep0	7.0710678118654755	13.92838827718412
A17_slice008_frame028	obs0_rep1	obs0_rep0	4.0	4.123105625617661
A13_slice011_frame010	obs0_rep1	obs0_rep0	5.0	5.0
A15_slice011_frame028	obs0_rep1	obs0_rep0	5.0990195135927845	6.708203932499369
A32_slice001_frame029	obs0_rep1	obs0_rep0	5.385164807134504	8.94427190999916
A35_slice005_frame009	obs0_rep1	obs0_rep0	5.0	4.47213595499958
A20_slice006_frame029	obs0_rep1	obs0_rep0	5.0	5.0
A21_slice011_frame007	obs0_rep1	obs0_rep0	3.605551275463989	3.605551275463989
A21_slice004_frame007	obs0_rep1	obs0_rep0	4.242640687119285	4.242640687119285
A37_slice007_frame008	obs0_rep1	obs0_rep0	5.0990195135927845	5.0
A47_slice005_frame006	obs0_rep1	obs0_rep0	5.830951894845301	6.4031242374328485
A32_slice012_frame009	obs0_rep1	obs0_rep0	0.0	0.0
A41_slice002_frame028	obs0_rep1	obs0_rep0	5.830951894845301	7.615773105863909
A30_slice008_frame010	obs0_rep1	obs0_rep0	8.06225774829855	8.06225774829855
A38_slice004_frame028	obs0_rep1	obs0_rep0	7.0710678118654755	7.0710678118654755
A05_slice005_frame029	obs0_rep1	obs0_rep0	5.0	5.0
A16_slice000_frame026	obs0_rep1	obs0_rep0	5.656854249492381	12.041594578792296
A42_slice001_frame007	obs0_rep1	obs0_rep0	0.0	8.54400374531753
A12_slice011_frame009	obs0_rep1	obs0_rep0	3.605551275463989	11.0
A12_slice007_frame028	obs0_rep1	obs0_rep0	5.385164807134504	6.082762530298219
A41_slice008_frame010	obs0_rep1	obs0_rep0	4.47213595499958	4.47213595499958
A43_slice008_frame029	obs0_rep1	obs0_rep0	12.041594578792296	15.811388300841896
A12_slice004_frame009	obs0_rep1	obs0_rep0	4.123105625617661	6.708203932499369
A07_slice002_frame009	obs0_rep1	obs0_rep0	8.48528137423857	20.518284528683193
A17_slice004_frame028	obs0_rep1	obs0_rep0	6.324555320336759	8.54400374531753
A41_slice006_frame028	obs0_rep1	obs0_rep0	8.602325267042627	8.94427190999916
A22_slice006_frame011	obs0_rep1	obs0_rep0	4.0	5.0
A22_slice008_frame011	obs0_rep1	obs0_rep0	4.0	5.0
A20_slice001_frame029	obs0_rep1	obs0_rep0	0.0	0.0
A29_slice012_frame028	obs0_rep1	obs0_rep0	5.656854249492381	5.656854249492381
A41_slice000_frame028	obs0_rep1	obs0_rep0	0.0	7.810249675906654
A40_slice000_frame028	obs0_rep1	obs0_rep0	0.0	8.54400374531753
A41_slice005_frame028	obs0_rep1	obs0_rep0	7.280109889280518	7.280109889280518
A05_slice009_frame010	obs0_rep1	obs0_rep0	11.180339887498949	14.035668847618199
A13_slice001_frame010	obs0_rep1	obs0_rep0	10.0	9.848857801796104
A40_slice006_frame028	obs0_rep1	obs0_rep0	5.0990195135927845	5.0
A41_slice001_frame028	obs0_rep1	obs0_rep0	0.0	13.0
A44_slice000_frame029	obs0_rep1	obs0_rep0	0.0	7.0
A44_slice008_frame029	obs0_rep1	obs0_rep0	5.0	6.082762530298219
A45_slice001_frame029	obs0_rep1	obs0_rep0	9.219544457292887	11.045361017187261
A34_slice009_frame028	obs0_rep1	obs0_rep0	11.661903789690601	16.64331697709324
A15_slice004_frame028	obs0_rep1	obs0_rep0	5.656854249492381	8.94427190999916
A30_slice006_frame027	obs0_rep1	obs0_rep0	5.0	5.0
A39_slice002_frame008	obs0_rep1	obs0_rep0	inf	14.866068747318506
A45_slice013_frame010	obs0_rep1	obs0_rep0	0.0	0.0
A45_slice003_frame029	obs0_rep1	obs0_rep0	5.0	7.615773105863909
A12_slice003_frame009	obs0_rep1	obs0_rep0	4.242640687119285	5.656854249492381
A34_slice001_frame008	obs0_rep1	obs0_rep0	7.0710678118654755	15.297058540778355
A07_slice007_frame028	obs0_rep1	obs0_rep0	5.0	6.0
A28_slice012_frame010	obs0_rep1	obs0_rep0	4.47213595499958	6.324555320336759
A34_slice000_frame008	obs0_rep1	obs0_rep0	inf	8.246211251235321
A24_slice001_frame012	obs0_rep1	obs0_rep0	5.0	5.830951894845301
A29_slice000_frame010	obs0_rep1	obs0_rep0	0.0	9.486832980505138
A29_slice015_frame010	obs0_rep1	obs0_rep0	0.0	0.0
A44_slice003_frame009	obs0_rep1	obs0_rep0	6.0	9.0
A44_slice009_frame009	obs0_rep1	obs0_rep0	8.0	7.280109889280518
A05_slice003_frame029	obs0_rep1	obs0_rep0	5.0	6.4031242374328485
A10_slice009_frame000	obs0_rep1	obs0_rep0	5.0	6.0
A13_slice006_frame010	obs0_rep1	obs0_rep0	6.324555320336759	13.416407864998739
A07_slice010_frame009	obs0_rep1	obs0_rep0	inf	inf
A37_slice008_frame029	obs0_rep1	obs0_rep0	3.605551275463989	8.94427190999916
A39_slice000_frame008	obs0_rep1	obs0_rep0	0.0	8.602325267042627
A10_slice010_frame000	obs0_rep1	obs0_rep0	4.0	7.0710678118654755
A27_slice000_frame011	obs0_rep1	obs0_rep0	0.0	0.0
A26_slice013_frame028	obs0_rep1	obs0_rep0	0.0	0.0
A41_slice007_frame028	obs0_rep1	obs0_rep0	8.54400374531753	8.54400374531753
A33_slice005_frame029	obs0_rep1	obs0_rep0	5.830951894845301	8.94427190999916
A36_slice000_frame000	obs0_rep1	obs0_rep0	0.0	17.26267650163207
A42_slice013_frame027	obs0_rep1	obs0_rep0	0.0	0.0
A17_slice001_frame013	obs0_rep1	obs0_rep0	14.317821063276353	13.0
A28_slice000_frame027	obs0_rep1	obs0_rep0	0.0	9.848857801796104
A40_slice007_frame007	obs0_rep1	obs0_rep0	7.0	7.0
A38_slice005_frame028	obs0_rep1	obs0_rep0	7.615773105863909	7.615773105863909
A26_slice006_frame028	obs0_rep1	obs0_rep0	3.605551275463989	6.082762530298219
A29_slice004_frame010	obs0_rep1	obs0_rep0	9.219544457292887	9.219544457292887
A06_slice002_frame029	obs0_rep1	obs0_rep0	4.242640687119285	6.324555320336759
A20_slice010_frame029	obs0_rep1	obs0_rep0	5.0	5.0
A32_slice003_frame009	obs0_rep1	obs0_rep0	9.899494936611665	8.54400374531753
A25_slice013_frame009	obs0_rep1	obs0_rep0	0.0	0.0
A41_slice003_frame010	obs0_rep1	obs0_rep0	14.422205101855956	11.0
A07_slice000_frame028	obs0_rep1	obs0_rep0	8.94427190999916	10.770329614269007
A25_slice002_frame028	obs0_rep1	obs0_rep0	8.06225774829855	9.433981132056603
A05_slice009_frame029	obs0_rep1	obs0_rep0	11.180339887498949	11.180339887498949
A35_slice008_frame009	obs0_rep1	obs0_rep0	2.23606797749979	6.4031242374328485
A38_slice009_frame008	obs0_rep1	obs0_rep0	5.0	14.866068747318506
A15_slice008_frame008	obs0_rep1	obs0_rep0	5.0990195135927845	7.810249675906654
A12_slice008_frame009	obs0_rep1	obs0_rep0	7.615773105863909	7.615773105863909
A25_slice003_frame028	obs0_rep1	obs0_rep0	9.433981132056603	9.433981132056603
A16_slice007_frame026	obs0_rep1	obs0_rep0	7.211102550927978	9.055385138137417
A30_slice010_frame029	obs0_rep1	obs0_rep0	5.0	6.708203932499369
A15_slice011_frame008	obs0_rep1	obs0_rep0	5.656854249492381	8.48528137423857
A24_slice005_frame012	obs0_rep1	obs0_rep0	5.0	10.295630140987
A10_slice004_frame000	obs0_rep1	obs0_rep0	4.47213595499958	5.656854249492381
A36_slice012_frame000	obs0_rep1	obs0_rep0	0.0	0.0
A29_slice003_frame028	obs0_rep1	obs0_rep0	7.615773105863909	10.770329614269007
A39_slice006_frame008	obs0_rep1	obs0_rep0	5.0990195135927845	11.313708498984761
A29_slice013_frame028	obs0_rep1	obs0_rep0	0.0	0.0
A11_slice008_frame028	obs0_rep1	obs0_rep0	4.123105625617661	4.47213595499958
A32_slice006_frame009	obs0_rep1	obs0_rep0	6.708203932499369	6.4031242374328485
A30_slice006_frame029	obs0_rep1	obs0_rep0	4.242640687119285	4.242640687119285
A28_slice002_frame027	obs0_rep1	obs0_rep0	16.0	15.811388300841896
A45_slice003_frame010	obs0_rep1	obs0_rep0	6.0	7.0710678118654755
A33_slice005_frame009	obs0_rep1	obs0_rep0	4.242640687119285	4.242640687119285
A28_slice001_frame027	obs0_rep1	obs0_rep0	13.038404810405298	13.0
A35_slice011_frame009	obs0_rep1	obs0_rep0	0.0	0.0
A27_slice007_frame011	obs0_rep1	obs0_rep0	5.656854249492381	6.0
A15_slice007_frame028	obs0_rep1	obs0_rep0	7.615773105863909	17.0
A20_slice006_frame008	obs0_rep1	obs0_rep0	3.0	13.0
A09_slice006_frame029	obs0_rep1	obs0_rep0	5.0	6.0
A20_slice004_frame026	obs0_rep1	obs0_rep0	9.0	9.486832980505138
A13_slice002_frame010	obs0_rep1	obs0_rep0	13.038404810405298	13.416407864998739
A22_slice005_frame027	obs0_rep1	obs0_rep0	3.605551275463989	6.0
A47_slice013_frame006	obs0_rep1	obs0_rep0	0.0	0.0
A39_slice004_frame028	obs0_rep1	obs0_rep0	7.0710678118654755	7.615773105863909
A22_slice002_frame011	obs0_rep1	obs0_rep0	8.54400374531753	8.54400374531753
A12_slice009_frame028	obs0_rep1	obs0_rep0	5.0	6.4031242374328485
A07_slice004_frame009	obs0_rep1	obs0_rep0	4.47213595499958	5.656854249492381
A30_slice009_frame029	obs0_rep1	obs0_rep0	9.433981132056603	9.219544457292887
A34_slice010_frame008	obs0_rep1	obs0_rep0	0.0	0.0
A19_slice008_frame012	obs0_rep1	obs0_rep0	5.0	5.0
A11_slice009_frame011	obs0_rep1	obs0_rep0	5.0	5.0
A44_slice009_frame029	obs0_rep1	obs0_rep0	5.0	5.0
A15_slice003_frame009	obs0_rep1	obs0_rep0	13.92838827718412	13.92838827718412
A15_slice009_frame009	obs0_rep1	obs0_rep0	7.0	7.0
A33_slice002_frame009	obs0_rep1	obs0_rep0	7.0710678118654755	12.649110640673518
A33_slice008_frame029	obs0_rep1	obs0_rep0	3.605551275463989	5.0
A16_slice008_frame009	obs0_rep1	obs0_rep0	2.8284271247461903	9.433981132056603
A15_slice001_frame028	obs0_rep1	obs0_rep0	19.0	22.0
A18_slice003_frame027	obs0_rep1	obs0_rep0	9.0	10.04987562112089
A41_slice003_frame028	obs0_rep1	obs0_rep0	7.211102550927978	7.211102550927978
A15_slice006_frame028	obs0_rep1	obs0_rep0	5.385164807134504	6.324555320336759
A26_slice006_frame009	obs0_rep1	obs0_rep0	5.0	5.656854249492381
A05_slice006_frame029	obs0_rep1	obs0_rep0	2.8284271247461903	5.0
A18_slice005_frame027	obs0_rep1	obs0_rep0	5.656854249492381	7.0
A40_slice009_frame028	obs0_rep1	obs0_rep0	7.280109889280518	7.211102550927978
A30_slice003_frame029	obs0_rep1	obs0_rep0	5.0	6.0
A42_slice005_frame007	obs0_rep1	obs0_rep0	5.656854249492381	8.0
A42_slice006_frame007	obs0_rep1	obs0_rep0	4.47213595499958	7.0710678118654755
A38_slice008_frame028	obs0_rep1	obs0_rep0	13.0	15.0
A46_slice011_frame029	obs0_rep1	obs0_rep0	6.324555320336759	9.0
A44_slice006_frame029	obs0_rep1	obs0_rep0	8.06225774829855	8.06225774829855
A45_slice014_frame010	obs0_rep1	obs0_rep0	0.0	0.0
A15_slice007_frame009	obs0_rep1	obs0_rep0	7.0	8.602325267042627
A30_slice001_frame029	obs0_rep1	obs0_rep0	4.47213595499958	16.1245154965971
A25_slice000_frame009	obs0_rep1	obs0_rep0	0.0	0.0
A38_slice011_frame028	obs0_rep1	obs0_rep0	0.0	0.0
A05_slice008_frame010	obs0_rep1	obs0_rep0	4.47213595499958	11.40175425099138
A13_slice005_frame029	obs0_rep1	obs0_rep0	6.324555320336759	6.324555320336759
A15_slice004_frame009	obs0_rep1	obs0_rep0	8.0	10.198039027185569
A19_slice008_frame029	obs0_rep1	obs0_rep0	5.0	5.0
A34_slice005_frame008	obs0_rep1	obs0_rep0	3.605551275463989	5.830951894845301
A17_slice004_frame013	obs0_rep1	obs0_rep0	6.324555320336759	7.0710678118654755
A06_slice001_frame029	obs0_rep1	obs0_rep0	4.123105625617661	7.211102550927978
A22_slice002_frame027	obs0_rep1	obs0_rep0	3.605551275463989	7.211102550927978
A27_slice005_frame011	obs0_rep1	obs0_rep0	3.605551275463989	5.0
A20_slice003_frame008	obs0_rep1	obs0_rep0	13.892443989449804	13.892443989449804
A39_slice005_frame028	obs0_rep1	obs0_rep0	6.324555320336759	6.324555320336759
A22_slice004_frame027	obs0_rep1	obs0_rep0	4.242640687119285	6.324555320336759
A22_slice013_frame011	obs0_rep1	obs0_rep0	0.0	0.0
A27_slice000_frame027	obs0_rep1	obs0_rep0	0.0	0.0
A40_slice001_frame007	obs0_rep1	obs0_rep0	0.0	6.4031242374328485
A38_slice009_frame028	obs0_rep1	obs0_rep0	3.1622776601683795	5.385164807134504
A42_slice003_frame027	obs0_rep1	obs0_rep0	9.219544457292887	9.219544457292887
A13_slice015_frame010	obs0_rep1	obs0_rep0	0.0	0.0
A24_slice009_frame028	obs0_rep1	obs0_rep0	4.0	5.0
A24_slice010_frame028	obs0_rep1	obs0_rep0	4.123105625617661	8.0
A06_slice003_frame029	obs0_rep1	obs0_rep0	5.0	5.656854249492381
A05_slice006_frame010	obs0_rep1	obs0_rep0	3.1622776601683795	4.123105625617661
A33_slice009_frame009	obs0_rep1	obs0_rep0	5.830951894845301	5.830951894845301
A40_slice008_frame028	obs0_rep1	obs0_rep0	4.0	6.082762530298219
A44_slice012_frame009	obs0_rep1	obs0_rep0	0.0	0.0
A46_slice002_frame029	obs0_rep1	obs0_rep0	10.63014581273465	14.142135623730951
A37_slice001_frame029	obs0_rep1	obs0_rep0	5.830951894845301	11.313708498984761
A33_slice008_frame009	obs0_rep1	obs0_rep0	3.605551275463989	5.385164807134504
A44_slice011_frame029	obs0_rep1	obs0_rep0	5.0	7.810249675906654
A25_slice006_frame009	obs0_rep1	obs0_rep0	4.242640687119285	4.47213595499958
A25_slice009_frame009	obs0_rep1	obs0_rep0	5.656854249492381	5.830951894845301
A42_slice009_frame007	obs0_rep1	obs0_rep0	3.1622776601683795	6.708203932499369
A15_slice003_frame027	obs0_rep1	obs0_rep0	11.0	10.770329614269007
A22_slice007_frame027	obs0_rep1	obs0_rep0	3.0	4.0
A43_slice003_frame009	obs0_rep1	obs0_rep0	7.0710678118654755	9.219544457292887
A13_slice013_frame010	obs0_rep1	obs0_rep0	0.0	0.0
A40_slice011_frame007	obs0_rep1	obs0_rep0	4.0	6.708203932499369
A27_slice006_frame027	obs0_rep1	obs0_rep0	3.605551275463989	4.0
A15_slice008_frame009	obs0_rep1	obs0_rep0	5.385164807134504	5.656854249492381
A19_slice011_frame012	obs0_rep1	obs0_rep0	0.0	0.0
A28_slice009_frame027	obs0_rep1	obs0_rep0	4.123105625617661	7.211102550927978
A30_slice003_frame010	obs0_rep1	obs0_rep0	4.242640687119285	4.47213595499958
A44_slice007_frame009	obs0_rep1	obs0_rep0	4.0	4.0
A30_slice012_frame029	obs0_rep1	obs0_rep0	inf	inf
A19_slice003_frame012	obs0_rep1	obs0_rep0	5.0	6.324555320336759
A21_slice009_frame007	obs0_rep1	obs0_rep0	4.0	4.0
A38_slice003_frame028	obs0_rep1	obs0_rep0	7.0710678118654755	6.708203932499369
A43_slice007_frame029	obs0_rep1	obs0_rep0	5.0	5.385164807134504
A15_slice002_frame009	obs0_rep1	obs0_rep0	8.48528137423857	8.48528137423857
A44_slice010_frame029	obs0_rep1	obs0_rep0	10.04987562112089	10.0
A46_slice007_frame009	obs0_rep1	obs0_rep0	10.44030650891055	10.44030650891055
A26_slice004_frame009	obs0_rep1	obs0_rep0	5.656854249492381	5.385164807134504
A07_slice007_frame009	obs0_rep1	obs0_rep0	5.656854249492381	5.656854249492381
A19_slice002_frame029	obs0_rep1	obs0_rep0	6.4031242374328485	7.211102550927978
A32_slice002_frame009	obs0_rep1	obs0_rep0	8.0	8.246211251235321
A09_slice011_frame029	obs0_rep1	obs0_rep0	0.0	0.0
A27_slice010_frame027	obs0_rep1	obs0_rep0	4.242640687119285	5.385164807134504
A27_slice008_frame011	obs0_rep1	obs0_rep0	5.0	6.708203932499369
A17_slice007_frame013	obs0_rep1	obs0_rep0	7.211102550927978	7.0710678118654755
A15_slice006_frame008	obs0_rep1	obs0_rep0	5.385164807134504	11.0
A17_slice001_frame028	obs0_rep1	obs0_rep0	4.0	6.082762530298219
A25_slice011_frame009	obs0_rep1	obs0_rep0	5.0	12.649110640673518
A28_slice008_frame027	obs0_rep1	obs0_rep0	4.0	9.848857801796104
A35_slice007_frame009	obs0_rep1	obs0_rep0	4.0	4.0
A11_slice007_frame011	obs0_rep1	obs0_rep0	8.54400374531753	8.54400374531753
A36_slice009_frame000	obs0_rep1	obs0_rep0	16.278820596099706	20.09975124224178
A10_slice003_frame009	obs0_rep1	obs0_rep0	8.48528137423857	8.48528137423857
A20_slice000_frame008	obs0_rep1	obs0_rep0	0.0	0.0
A22_slice010_frame027	obs0_rep1	obs0_rep0	9.219544457292887	9.219544457292887
A12_slice006_frame028	obs0_rep1	obs0_rep0	5.0	5.0
A36_slice010_frame000	obs0_rep1	obs0_rep0	2.8284271247461903	12.727922061357855
A32_slice009_frame009	obs0_rep1	obs0_rep0	0.0	0.0
A05_slice001_frame010	obs0_rep1	obs0_rep0	4.0	5.0
A12_slice007_frame009	obs0_rep1	obs0_rep0	4.0	6.0
A11_slice011_frame028	obs0_rep1	obs0_rep0	0.0	0.0
A26_slice005_frame028	obs0_rep1	obs0_rep0	4.0	4.47213595499958
A40_slice012_frame028	obs0_rep1	obs0_rep0	0.0	0.0
A10_slice011_frame000	obs0_rep1	obs0_rep0	9.486832980505138	10.295630140987
A43_slice009_frame029	obs0_rep1	obs0_rep0	3.605551275463989	6.082762530298219
A37_slice005_frame029	obs0_rep1	obs0_rep0	10.63014581273465	10.63014581273465
A25_slice005_frame028	obs0_rep1	obs0_rep0	7.211102550927978	7.0710678118654755
A17_slice002_frame028	obs0_rep1	obs0_rep0	7.0710678118654755	4.47213595499958
A13_slice007_frame010	obs0_rep1	obs0_rep0	4.47213595499958	5.0
A22_slice005_frame011	obs0_rep1	obs0_rep0	9.899494936611665	14.317821063276353
A19_slice006_frame012	obs0_rep1	obs0_rep0	5.0	5.0990195135927845
A20_slice004_frame029	obs0_rep1	obs0_rep0	9.219544457292887	9.219544457292887
A15_slice006_frame027	obs0_rep1	obs0_rep0	6.324555320336759	6.324555320336759
A15_slice006_frame009	obs0_rep1	obs0_rep0	7.0	8.06225774829855
A38_slice012_frame028	obs0_rep1	obs0_rep0	0.0	0.0
A33_slice007_frame009	obs0_rep1	obs0_rep0	8.0	8.0
A17_slice011_frame028	obs0_rep1	obs0_rep0	0.0	0.0
A38_slice003_frame008	obs0_rep1	obs0_rep0	3.605551275463989	7.0710678118654755
A30_slice000_frame010	obs0_rep1	obs0_rep0	14.035668847618199	18.027756377319946
A27_slice011_frame011	obs0_rep1	obs0_rep0	5.0	5.0
A37_slice005_frame008	obs0_rep1	obs0_rep0	8.246211251235321	8.94427190999916
A33_slice000_frame029	obs0_rep1	obs0_rep0	9.219544457292887	8.94427190999916
A07_slice011_frame009	obs0_rep1	obs0_rep0	0.0	0.0
A16_slice012_frame026	obs0_rep1	obs0_rep0	0.0	0.0
A28_slice011_frame010	obs0_rep1	obs0_rep0	5.0	5.0
A36_slice006_frame000	obs0_rep1	obs0_rep0	5.656854249492381	8.0
A34_slice002_frame028	obs0_rep1	obs0_rep0	6.708203932499369	6.708203932499369
A22_slice001_frame027	obs0_rep1	obs0_rep0	6.708203932499369	6.708203932499369
A10_slice012_frame000	obs0_rep1	obs0_rep0	9.055385138137417	11.045361017187261
A27_slice001_frame027	obs0_rep1	obs0_rep0	5.830951894845301	7.0
A07_slice005_frame009	obs0_rep1	obs0_rep0	6.324555320336759	6.324555320336759
A20_slice010_frame008	obs0_rep1	obs0_rep0	5.656854249492381	5.656854249492381
A40_slice000_frame007	obs0_rep1	obs0_rep0	0.0	14.317821063276353
A15_slice004_frame027	obs0_rep1	obs0_rep0	8.54400374531753	8.54400374531753
A42_slice006_frame027	obs0_rep1	obs0_rep0	5.830951894845301	5.830951894845301
A43_slice012_frame029	obs0_rep1	obs0_rep0	0.0	0.0
A10_slice007_frame009	obs0_rep1	obs0_rep0	7.0710678118654755	8.06225774829855
A32_slice001_frame009	obs0_rep1	obs0_rep0	inf	5.830951894845301
A18_slice012_frame027	obs0_rep1	obs0_rep0	6.0	11.313708498984761
A29_slice015_frame028	obs0_rep1	obs0_rep0	0.0	0.0
A37_slice006_frame029	obs0_rep1	obs0_rep0	10.295630140987	10.295630140987
A46_slice004_frame029	obs0_rep1	obs0_rep0	6.324555320336759	9.219544457292887
A12_slice002_frame028	obs0_rep1	obs0_rep0	16.278820596099706	16.401219466856727
A30_slice005_frame027	obs0_rep1	obs0_rep0	6.324555320336759	7.810249675906654
A12_slice011_frame028	obs0_rep1	obs0_rep0	15.811388300841896	15.811388300841896
A23_slice007_frame011	obs0_rep1	obs0_rep0	3.605551275463989	5.0
A11_slice010_frame011	obs0_rep1	obs0_rep0	5.0	7.0
A18_slice002_frame027	obs0_rep1	obs0_rep0	13.601470508735444	13.341664064126334
A26_slice001_frame009	obs0_rep1	obs0_rep0	0.0	6.708203932499369
A33_slice003_frame029	obs0_rep1	obs0_rep0	5.0	7.0710678118654755
A25_slice012_frame009	obs0_rep1	obs0_rep0	5.0	6.324555320336759
A35_slice000_frame009	obs0_rep1	obs0_rep0	0.0	10.63014581273465
A29_slice003_frame010	obs0_rep1	obs0_rep0	11.704699910719626	11.40175425099138
A35_slice009_frame009	obs0_rep1	obs0_rep0	5.830951894845301	5.830951894845301
A40_slice002_frame007	obs0_rep1	obs0_rep0	inf	8.48528137423857
A30_slice013_frame027	obs0_rep1	obs0_rep0	0.0	0.0
A26_slice011_frame009	obs0_rep1	obs0_rep0	3.605551275463989	6.0
A42_slice008_frame007	obs0_rep1	obs0_rep0	7.211102550927978	7.211102550927978
A16_slice011_frame009	obs0_rep1	obs0_rep0	0.0	0.0
A30_slice004_frame027	obs0_rep1	obs0_rep0	3.1622776601683795	5.0
A26_slice012_frame028	obs0_rep1	obs0_rep0	6.4031242374328485	6.4031242374328485
A30_slice001_frame027	obs0_rep1	obs0_rep0	5.0990195135927845	11.313708498984761
A29_slice000_frame028	obs0_rep1	obs0_rep0	5.0	6.0
A42_slice011_frame007	obs0_rep1	obs0_rep0	0.0	0.0
A27_slice002_frame027	obs0_rep1	obs0_rep0	7.615773105863909	7.615773105863909
A34_slice010_frame028	obs0_rep1	obs0_rep0	0.0	0.0
A45_slice010_frame010	obs0_rep1	obs0_rep0	4.123105625617661	5.656854249492381
A18_slice011_frame011	obs0_rep1	obs0_rep0	18.027756377319946	19.4164878389476
A37_slice011_frame008	obs0_rep1	obs0_rep0	0.0	0.0
A36_slice002_frame000	obs0_rep1	obs0_rep0	5.830951894845301	6.4031242374328485
A12_slice008_frame028	obs0_rep1	obs0_rep0	3.0	5.0
A10_slice001_frame009	obs0_rep1	obs0_rep0	12.083045973594572	11.704699910719626
A22_slice008_frame027	obs0_rep1	obs0_rep0	5.0	5.0
A24_slice007_frame028	obs0_rep1	obs0_rep0	6.708203932499369	6.708203932499369
A26_slice002_frame028	obs0_rep1	obs0_rep0	6.0	6.324555320336759
A26_slice005_frame009	obs0_rep1	obs0_rep0	3.1622776601683795	4.123105625617661
A13_slice003_frame010	obs0_rep1	obs0_rep0	8.602325267042627	11.704699910719626
A16_slice003_frame009	obs0_rep1	obs0_rep0	6.708203932499369	6.708203932499369
A30_slice007_frame029	obs0_rep1	obs0_rep0	3.605551275463989	5.0990195135927845
A13_slice009_frame029	obs0_rep1	obs0_rep0	4.242640687119285	5.656854249492381
A32_slice002_frame029	obs0_rep1	obs0_rep0	6.4031242374328485	6.082762530298219
A41_slice004_frame010	obs0_rep1	obs0_rep0	12.727922061357855	12.206555615733702
A43_slice002_frame009	obs0_rep1	obs0_rep0	13.341664064126334	25.0
A43_slice010_frame009	obs0_rep1	obs0_rep0	3.605551275463989	8.0
A47_slice010_frame006	obs0_rep1	obs0_rep0	8.94427190999916	11.661903789690601
A19_slice003_frame029	obs0_rep1	obs0_rep0	9.433981132056603	9.433981132056603
A24_slice003_frame012	obs0_rep1	obs0_rep0	9.219544457292887	8.94427190999916
A47_slice008_frame006	obs0_rep1	obs0_rep0	11.40175425099138	11.180339887498949
A18_slice000_frame011	obs0_rep1	obs0_rep0	0.0	0.0
A11_slice001_frame011	obs0_rep1	obs0_rep0	31.78049716414141	28.0178514522438
A21_slice001_frame007	obs0_rep1	obs0_rep0	inf	11.045361017187261
A23_slice002_frame027	obs0_rep1	obs0_rep0	3.0	5.0
A11_slice004_frame028	obs0_rep1	obs0_rep0	7.211102550927978	7.211102550927978
A30_slice000_frame029	obs0_rep1	obs0_rep0	4.123105625617661	8.94427190999916
A19_slice000_frame029	obs0_rep1	obs0_rep0	0.0	0.0
A41_slice012_frame010	obs0_rep1	obs0_rep0	0.0	0.0
A13_slice010_frame010	obs0_rep1	obs0_rep0	5.0	5.0
A39_slice004_frame008	obs0_rep1	obs0_rep0	7.615773105863909	7.615773105863909
A41_slice004_frame028	obs0_rep1	obs0_rep0	11.661903789690601	11.661903789690601
A41_slice011_frame010	obs0_rep1	obs0_rep0	9.219544457292887	17.0
A45_slice001_frame010	obs0_rep1	obs0_rep0	inf	16.15549442140351
A16_slice001_frame026	obs0_rep1	obs0_rep0	7.0710678118654755	8.0
A15_slice005_frame027	obs0_rep1	obs0_rep0	9.848857801796104	9.848857801796104
A44_slice005_frame009	obs0_rep1	obs0_rep0	7.211102550927978	7.810249675906654
A23_slice000_frame027	obs0_rep1	obs0_rep0	0.0	0.0
A45_slice004_frame010	obs0_rep1	obs0_rep0	14.212670403551895	13.0
A32_slice004_frame009	obs0_rep1	obs0_rep0	9.433981132056603	9.433981132056603
A20_slice006_frame026	obs0_rep1	obs0_rep0	5.0	7.615773105863909
A11_slice005_frame028	obs0_rep1	obs0_rep0	6.324555320336759	6.324555320336759
A17_slice006_frame013	obs0_rep1	obs0_rep0	5.830951894845301	6.082762530298219
A26_slice000_frame009	obs0_rep1	obs0_rep0	0.0	0.0
A42_slice010_frame007	obs0_rep1	obs0_rep0	3.0	5.0
A27_slice002_frame011	obs0_rep1	obs0_rep0	6.324555320336759	8.94427190999916
A10_slice007_frame000	obs0_rep1	obs0_rep0	5.0	7.0
A18_slice007_frame011	obs0_rep1	obs0_rep0	4.47213595499958	15.033296378372908
A29_slice007_frame010	obs0_rep1	obs0_rep0	7.0710678118654755	7.0710678118654755
A05_slice007_frame010	obs0_rep1	obs0_rep0	5.0	8.94427190999916
A07_slice000_frame009	obs0_rep1	obs0_rep0	11.180339887498949	13.92838827718412
A34_slice009_frame008	obs0_rep1	obs0_rep0	6.0	8.54400374531753
A22_slice000_frame011	obs0_rep1	obs0_rep0	0.0	0.0
A28_slice010_frame010	obs0_rep1	obs0_rep0	6.324555320336759	9.848857801796104
A15_slice010_frame028	obs0_rep1	obs0_rep0	6.0	10.770329614269007
A34_slice008_frame028	obs0_rep1	obs0_rep0	6.0	13.038404810405298
A09_slice007_frame008	obs0_rep1	obs0_rep0	5.0	6.0
A10_slice004_frame009	obs0_rep1	obs0_rep0	3.605551275463989	4.0
A33_slice003_frame009	obs0_rep1	obs0_rep0	9.219544457292887	9.219544457292887
A40_slice011_frame028	obs0_rep1	obs0_rep0	5.656854249492381	12.083045973594572
A43_slice011_frame029	obs0_rep1	obs0_rep0	5.830951894845301	8.94427190999916
A25_slice007_frame009	obs0_rep1	obs0_rep0	5.385164807134504	5.385164807134504
A44_slice001_frame029	obs0_rep1	obs0_rep0	12.0	12.0
A34_slice011_frame008	obs0_rep1	obs0_rep0	0.0	0.0
A46_slice004_frame009	obs0_rep1	obs0_rep0	5.0	5.0
A13_slice009_frame010	obs0_rep1	obs0_rep0	8.0	9.899494936611665
A05_slice001_frame029	obs0_rep1	obs0_rep0	4.242640687119285	4.123105625617661
A25_slice013_frame028	obs0_rep1	obs0_rep0	0.0	0.0
A28_slice006_frame027	obs0_rep1	obs0_rep0	5.0	7.615773105863909
A46_slice001_frame029	obs0_rep1	obs0_rep0	15.652475842498529	18.867962264113206
A36_slice006_frame010	obs0_rep1	obs0_rep0	10.198039027185569	13.416407864998739
A16_slice010_frame026	obs0_rep1	obs0_rep0	5.385164807134504	10.816653826391969
A19_slice004_frame029	obs0_rep1	obs0_rep0	4.0	5.656854249492381
A24_slice006_frame028	obs0_rep1	obs0_rep0	13.0	13.416407864998739
A33_slice009_frame029	obs0_rep1	obs0_rep0	4.242640687119285	7.0710678118654755
A25_slice008_frame009	obs0_rep1	obs0_rep0	4.47213595499958	4.47213595499958
A34_slice005_frame028	obs0_rep1	obs0_rep0	3.0	6.324555320336759
A27_slice005_frame027	obs0_rep1	obs0_rep0	3.605551275463989	5.0
A18_slice004_frame027	obs0_rep1	obs0_rep0	8.94427190999916	8.94427190999916
A18_slice010_frame027	obs0_rep1	obs0_rep0	4.123105625617661	14.866068747318506
A28_slice002_frame010	obs0_rep1	obs0_rep0	9.055385138137417	10.44030650891055
A28_slice007_frame010	obs0_rep1	obs0_rep0	5.0990195135927845	6.324555320336759
A37_slice008_frame008	obs0_rep1	obs0_rep0	4.242640687119285	7.0710678118654755
A41_slice000_frame010	obs0_rep1	obs0_rep0	0.0	3.605551275463989
A20_slice012_frame029	obs0_rep1	obs0_rep0	7.0710678118654755	7.0710678118654755
A12_slice009_frame009	obs0_rep1	obs0_rep0	3.0	10.04987562112089
A13_slice001_frame029	obs0_rep1	obs0_rep0	10.295630140987	10.295630140987
A05_slice007_frame029	obs0_rep1	obs0_rep0	4.47213595499958	6.324555320336759
A17_slice005_frame028	obs0_rep1	obs0_rep0	4.47213595499958	11.704699910719626
A13_slice005_frame010	obs0_rep1	obs0_rep0	5.0	7.615773105863909
A23_slice004_frame027	obs0_rep1	obs0_rep0	7.0	8.54400374531753
A25_slice002_frame009	obs0_rep1	obs0_rep0	4.242640687119285	10.0
A36_slice009_frame010	obs0_rep1	obs0_rep0	3.605551275463989	10.198039027185569
A07_slice004_frame028	obs0_rep1	obs0_rep0	6.0	12.083045973594572
A41_slice007_frame010	obs0_rep1	obs0_rep0	15.297058540778355	15.0
A15_slice002_frame027	obs0_rep1	obs0_rep0	9.0	9.433981132056603
A21_slice008_frame025	obs0_rep1	obs0_rep0	4.242640687119285	4.242640687119285
A15_slice011_frame027	obs0_rep1	obs0_rep0	12.041594578792296	12.041594578792296
A25_slice011_frame028	obs0_rep1	obs0_rep0	5.0	5.0
A05_slice004_frame010	obs0_rep1	obs0_rep0	5.385164807134504	8.602325267042627
A43_slice010_frame029	obs0_rep1	obs0_rep0	8.48528137423857	8.48528137423857
A20_slice005_frame029	obs0_rep1	obs0_rep0	16.1245154965971	16.1245154965971
A26_slice009_frame009	obs0_rep1	obs0_rep0	4.123105625617661	5.385164807134504
A06_slice004_frame029	obs0_rep1	obs0_rep0	5.0	7.0710678118654755
A47_slice003_frame029	obs0_rep1	obs0_rep0	6.708203932499369	7.211102550927978
A22_slice001_frame011	obs0_rep1	obs0_rep0	4.47213595499958	8.94427190999916
A20_slice009_frame008	obs0_rep1	obs0_rep0	5.0	6.0
A46_slice005_frame029	obs0_rep1	obs0_rep0	6.708203932499369	6.708203932499369
A15_slice009_frame027	obs0_rep1	obs0_rep0	8.06225774829855	11.0
A45_slice005_frame029	obs0_rep1	obs0_rep0	7.810249675906654	7.810249675906654
A13_slice014_frame029	obs0_rep1	obs0_rep0	0.0	0.0
A34_slice007_frame008	obs0_rep1	obs0_rep0	5.656854249492381	5.385164807134504
A43_slice012_frame009	obs0_rep1	obs0_rep0	0.0	0.0
A10_slice006_frame000	obs0_rep1	obs0_rep0	12.36931687685298	12.041594578792296
A33_slice000_frame009	obs0_rep1	obs0_rep0	0.0	8.06225774829855
A12_slice010_frame028	obs0_rep1	obs0_rep0	5.0	5.385164807134504
A46_slice005_frame009	obs0_rep1	obs0_rep0	25.298221281347036	22.0
A09_slice004_frame029	obs0_rep1	obs0_rep0	5.0	9.219544457292887
A32_slice010_frame009	obs0_rep1	obs0_rep0	0.0	0.0
A38_slice011_frame008	obs0_rep1	obs0_rep0	0.0	0.0
A46_slice008_frame009	obs0_rep1	obs0_rep0	13.416407864998739	13.416407864998739
A27_slice003_frame011	obs0_rep1	obs0_rep0	6.082762530298219	9.433981132056603
A28_slice012_frame027	obs0_rep1	obs0_rep0	15.620499351813308	15.811388300841896
A36_slice005_frame010	obs0_rep1	obs0_rep0	9.899494936611665	9.899494936611665
A15_slice005_frame008	obs0_rep1	obs0_rep0	6.0	8.48528137423857
A40_slice005_frame007	obs0_rep1	obs0_rep0	7.0710678118654755	6.0
A20_slice004_frame008	obs0_rep1	obs0_rep0	4.47213595499958	13.341664064126334
A09_slice001_frame029	obs0_rep1	obs0_rep0	8.06225774829855	8.94427190999916
A25_slice006_frame028	obs0_rep1	obs0_rep0	7.0	7.0
A07_slice002_frame028	obs0_rep1	obs0_rep0	8.0	8.0
A15_slice000_frame028	obs0_rep1	obs0_rep0	11.661903789690601	17.88854381999832
A19_slice000_frame012	obs0_rep1	obs0_rep0	0.0	0.0
A07_slice008_frame009	obs0_rep1	obs0_rep0	5.830951894845301	5.830951894845301
A24_slice009_frame012	obs0_rep1	obs0_rep0	7.211102550927978	7.211102550927978
A42_slice009_frame027	obs0_rep1	obs0_rep0	3.1622776601683795	5.0
A36_slice010_frame010	obs0_rep1	obs0_rep0	3.1622776601683795	9.219544457292887
A16_slice003_frame026	obs0_rep1	obs0_rep0	6.708203932499369	7.0710678118654755
A25_slice010_frame009	obs0_rep1	obs0_rep0	5.830951894845301	13.0
A25_slice012_frame028	obs0_rep1	obs0_rep0	6.082762530298219	8.94427190999916
A28_slice001_frame010	obs0_rep1	obs0_rep0	14.866068747318506	20.223748416156685
A35_slice012_frame028	obs0_rep1	obs0_rep0	0.0	0.0
A07_slice011_frame028	obs0_rep1	obs0_rep0	0.0	0.0
A45_slice000_frame010	obs0_rep1	obs0_rep0	0.0	8.94427190999916
A24_slice010_frame012	obs0_rep1	obs0_rep0	4.123105625617661	13.152946437965905
A39_slice010_frame008	obs0_rep1	obs0_rep0	3.1622776601683795	8.06225774829855
A09_slice011_frame008	obs0_rep1	obs0_rep0	0.0	0.0
A15_slice001_frame008	obs0_rep1	obs0_rep0	8.06225774829855	10.295630140987
A36_slice012_frame010	obs0_rep1	obs0_rep0	0.0	0.0
A44_slice006_frame009	obs0_rep1	obs0_rep0	5.656854249492381	6.4031242374328485
A38_slice000_frame008	obs0_rep1	obs0_rep0	0.0	4.123105625617661
A21_slice003_frame007	obs0_rep1	obs0_rep0	6.082762530298219	6.082762530298219
A44_slice013_frame029	obs0_rep1	obs0_rep0	0.0	0.0
A28_slice005_frame010	obs0_rep1	obs0_rep0	6.324555320336759	6.4031242374328485
A36_slice003_frame000	obs0_rep1	obs0_rep0	3.1622776601683795	6.4031242374328485
